accuracy,balanced_accuracy,precision_1,recall_1,f1_1,roc_auc,pr_auc,tn,fp,fn,tp,run,seed,classifier,feature_set,n_train,n_test,train_cases,test_cases
0.45588235294117646,0.5,0.4117647058823529,0.75,0.5316455696202531,0.5151785714285715,0.4233193277310924,20,60,14,42,1,42,logistic_regression,Model only,544,136,136,34
0.45588235294117646,0.5,0.4117647058823529,0.75,0.5316455696202531,0.5151785714285715,0.4233193277310924,20,60,14,42,1,42,random_forest,Model only,544,136,136,34
0.5661764705882353,0.5616071428571429,0.47619047619047616,0.5357142857142857,0.5042016806722689,0.5493303571428572,0.43025574500641917,47,33,26,30,1,42,logistic_regression,Prompt size only,544,136,136,34
0.5,0.5080357142857144,0.4189189189189189,0.5535714285714286,0.47692307692307695,0.525,0.4293286236040911,37,43,25,31,1,42,random_forest,Prompt size only,544,136,136,34
0.5735294117647058,0.5651785714285715,0.48333333333333334,0.5178571428571429,0.5,0.6151785714285715,0.49197766332471304,49,31,27,29,1,42,logistic_regression,Prompt semantic only,544,136,136,34
0.6323529411764706,0.6258928571428571,0.55,0.5892857142857143,0.5689655172413793,0.6767857142857143,0.5897956379225789,53,27,23,33,1,42,random_forest,Prompt semantic only,544,136,136,34
0.5441176470588235,0.5321428571428571,0.4482758620689655,0.4642857142857143,0.45614035087719296,0.5441964285714286,0.4648748599768571,48,32,30,26,1,42,logistic_regression,Patch only,544,136,136,34
0.6102941176470589,0.6017857142857144,0.5254237288135594,0.5535714285714286,0.5391304347826087,0.5915178571428572,0.47059208594121216,52,28,25,31,1,42,random_forest,Patch only,544,136,136,34
0.5220588235294118,0.5267857142857143,0.43661971830985913,0.5535714285714286,0.4881889763779528,0.5410714285714285,0.4654820261355501,40,40,25,31,1,42,logistic_regression,Patch + Model,544,136,136,34
0.5882352941176471,0.5830357142857143,0.5,0.5535714285714286,0.5254237288135594,0.5727678571428573,0.4739481753465479,49,31,25,31,1,42,random_forest,Patch + Model,544,136,136,34
0.625,0.6169642857142856,0.5423728813559322,0.5714285714285714,0.5565217391304348,0.6283482142857142,0.4697261353444833,53,27,24,32,1,42,logistic_regression,Patch + Prompt semantic,544,136,136,34
0.6470588235294118,0.6383928571428572,0.5689655172413793,0.5892857142857143,0.5789473684210527,0.6709821428571429,0.5282187666923742,55,25,23,33,1,42,random_forest,Patch + Prompt semantic,544,136,136,34
0.5147058823529411,0.5125,0.42424242424242425,0.5,0.45901639344262296,0.6087053571428571,0.4559867292293549,42,38,28,28,1,42,logistic_regression,Prompt size + Prompt semantic,544,136,136,34
0.5147058823529411,0.5151785714285715,0.4264705882352941,0.5178571428571429,0.46774193548387094,0.5699776785714286,0.4911326503227383,41,39,27,29,1,42,random_forest,Prompt size + Prompt semantic,544,136,136,34
0.6176470588235294,0.6133928571428571,0.532258064516129,0.5892857142857143,0.559322033898305,0.6191964285714286,0.4699257444097178,51,29,23,33,1,42,logistic_regression,Prompt semantic + Patch + Model,544,136,136,34
0.6397058823529411,0.6321428571428571,0.559322033898305,0.5892857142857143,0.5739130434782609,0.6770089285714286,0.5294871572515961,54,26,23,33,1,42,random_forest,Prompt semantic + Patch + Model,544,136,136,34
0.5514705882352942,0.54375,0.45901639344262296,0.5,0.47863247863247865,0.6174107142857143,0.45014505434281504,47,33,28,28,1,42,logistic_regression,All pre-SAST features,544,136,136,34
0.5588235294117647,0.56875,0.47297297297297297,0.625,0.5384615384615384,0.6379464285714286,0.4951632401290232,41,39,21,35,1,42,random_forest,All pre-SAST features,544,136,136,34
0.4264705882352941,0.5,0.35294117647058826,0.75,0.48,0.5160984848484849,0.3645833333333333,22,66,12,36,2,43,logistic_regression,Model only,544,136,136,34
0.4264705882352941,0.5,0.35294117647058826,0.75,0.48,0.5160984848484849,0.3645833333333333,22,66,12,36,2,43,random_forest,Model only,544,136,136,34
0.5735294117647058,0.6089015151515151,0.4375,0.7291666666666666,0.546875,0.5911458333333334,0.3922484717041963,43,45,13,35,2,43,logistic_regression,Prompt size only,544,136,136,34
0.47058823529411764,0.5198863636363636,0.36666666666666664,0.6875,0.4782608695652174,0.5325520833333333,0.37395870309777873,31,57,15,33,2,43,random_forest,Prompt size only,544,136,136,34
0.4264705882352941,0.41950757575757575,0.27941176470588236,0.3958333333333333,0.3275862068965517,0.39476799242424243,0.30379385359315797,39,49,29,19,2,43,logistic_regression,Prompt semantic only,544,136,136,34
0.5,0.5284090909090909,0.375,0.625,0.46875,0.6581439393939393,0.5803017828874966,38,50,18,30,2,43,random_forest,Prompt semantic only,544,136,136,34
0.6029411764705882,0.5653409090909092,0.4375,0.4375,0.4375,0.5242660984848485,0.40842869162550466,61,27,27,21,2,43,logistic_regression,Patch only,544,136,136,34
0.5735294117647058,0.5568181818181819,0.41379310344827586,0.5,0.4528301886792453,0.5969460227272727,0.425458473917378,54,34,24,24,2,43,random_forest,Patch only,544,136,136,34
0.5147058823529411,0.48295454545454547,0.3333333333333333,0.375,0.35294117647058826,0.5182291666666667,0.41330351849270874,52,36,30,18,2,43,logistic_regression,Patch + Model,544,136,136,34
0.5955882352941176,0.5928030303030303,0.4444444444444444,0.5833333333333334,0.5045045045045045,0.6003787878787878,0.43830519422202174,53,35,20,28,2,43,random_forest,Patch + Model,544,136,136,34
0.5,0.4952651515151515,0.3484848484848485,0.4791666666666667,0.40350877192982454,0.42163825757575757,0.3017224266617081,45,43,25,23,2,43,logistic_regression,Patch + Prompt semantic,544,136,136,34
0.5735294117647058,0.5852272727272727,0.42857142857142855,0.625,0.5084745762711864,0.6330492424242424,0.43141660390077263,48,40,18,30,2,43,random_forest,Patch + Prompt semantic,544,136,136,34
0.4485294117647059,0.4744318181818182,0.3333333333333333,0.5625,0.4186046511627907,0.42140151515151514,0.308046587274576,34,54,21,27,2,43,logistic_regression,Prompt size + Prompt semantic,544,136,136,34
0.6029411764705882,0.6600378787878788,0.4659090909090909,0.8541666666666666,0.6029411764705882,0.6473721590909091,0.45474860728449207,41,47,7,41,2,43,random_forest,Prompt size + Prompt semantic,544,136,136,34
0.47058823529411764,0.4678030303030303,0.3235294117647059,0.4583333333333333,0.3793103448275862,0.41998106060606055,0.2977674643822624,42,46,26,22,2,43,logistic_regression,Prompt semantic + Patch + Model,544,136,136,34
0.5955882352941176,0.6117424242424242,0.4507042253521127,0.6666666666666666,0.5378151260504201,0.6872632575757576,0.5042748100791754,49,39,16,32,2,43,random_forest,Prompt semantic + Patch + Model,544,136,136,34
0.45588235294117646,0.47064393939393945,0.32894736842105265,0.5208333333333334,0.4032258064516129,0.43892045454545453,0.30562301582006834,37,51,23,25,2,43,logistic_regression,All pre-SAST features,544,136,136,34
0.5955882352941176,0.6164772727272727,0.4520547945205479,0.6875,0.5454545454545454,0.6384943181818182,0.4292909656235781,48,40,15,33,2,43,random_forest,All pre-SAST features,544,136,136,34
0.47058823529411764,0.4852430555555556,0.46078431372549017,0.734375,0.5662650602409639,0.4926215277777778,0.46829044117647056,17,55,17,47,3,44,logistic_regression,Model only,544,136,136,34
0.47058823529411764,0.4852430555555556,0.46078431372549017,0.734375,0.5662650602409639,0.5073784722222222,0.48483455882352944,17,55,17,47,3,44,random_forest,Model only,544,136,136,34
0.5588235294117647,0.5677083333333334,0.5227272727272727,0.71875,0.6052631578947368,0.6072048611111112,0.5337083655825224,30,42,18,46,3,44,logistic_regression,Prompt size only,544,136,136,34
0.5441176470588235,0.5460069444444444,0.5138888888888888,0.578125,0.5441176470588235,0.5619574652777778,0.5594718067108391,37,35,27,37,3,44,random_forest,Prompt size only,544,136,136,34
0.5882352941176471,0.5885416666666667,0.5588235294117647,0.59375,0.5757575757575758,0.6006944444444444,0.615631758924181,42,30,26,38,3,44,logistic_regression,Prompt semantic only,544,136,136,34
0.5882352941176471,0.5833333333333333,0.5714285714285714,0.5,0.5333333333333333,0.6501736111111112,0.6254535478885506,48,24,32,32,3,44,random_forest,Prompt semantic only,544,136,136,34
0.5294117647058824,0.5295138888888888,0.5,0.53125,0.5151515151515151,0.6001519097222222,0.6360365986461742,38,34,30,34,3,44,logistic_regression,Patch only,544,136,136,34
0.5588235294117647,0.5572916666666667,0.53125,0.53125,0.53125,0.6119791666666666,0.5611008487656116,42,30,30,34,3,44,random_forest,Patch only,544,136,136,34
0.5,0.5,0.47058823529411764,0.5,0.48484848484848486,0.5738932291666667,0.6164559591773571,36,36,32,32,3,44,logistic_regression,Patch + Model,544,136,136,34
0.5367647058823529,0.5364583333333333,0.5074626865671642,0.53125,0.5190839694656488,0.566189236111111,0.5417887361872848,39,33,30,34,3,44,random_forest,Patch + Model,544,136,136,34
0.5661764705882353,0.5659722222222222,0.5373134328358209,0.5625,0.549618320610687,0.5870225694444444,0.6284166284747933,41,31,28,36,3,44,logistic_regression,Patch + Prompt semantic,544,136,136,34
0.5955882352941176,0.59375,0.5714285714285714,0.5625,0.5669291338582677,0.6671006944444444,0.6238227348181962,45,27,28,36,3,44,random_forest,Patch + Prompt semantic,544,136,136,34
0.5147058823529411,0.5199652777777778,0.4875,0.609375,0.5416666666666666,0.6338975694444444,0.6429557590043735,31,41,25,39,3,44,logistic_regression,Prompt size + Prompt semantic,544,136,136,34
0.5735294117647058,0.5720486111111112,0.546875,0.546875,0.546875,0.5620659722222222,0.5103255693708417,43,29,29,35,3,44,random_forest,Prompt size + Prompt semantic,544,136,136,34
0.5588235294117647,0.5572916666666667,0.53125,0.53125,0.53125,0.5891927083333333,0.6249546159490178,42,30,30,34,3,44,logistic_regression,Prompt semantic + Patch + Model,544,136,136,34
0.5882352941176471,0.5902777777777778,0.5555555555555556,0.625,0.5882352941176471,0.6575520833333333,0.5778334300015462,40,32,24,40,3,44,random_forest,Prompt semantic + Patch + Model,544,136,136,34
0.5147058823529411,0.5173611111111112,0.4864864864864865,0.5625,0.5217391304347826,0.6362847222222222,0.6662412673041305,34,38,28,36,3,44,logistic_regression,All pre-SAST features,544,136,136,34
0.6102941176470589,0.6137152777777778,0.5733333333333334,0.671875,0.6187050359712231,0.6332465277777778,0.5751472469340824,40,32,21,43,3,44,random_forest,All pre-SAST features,544,136,136,34
0.5735294117647058,0.5735294117647058,0.5735294117647058,0.5735294117647058,0.5735294117647058,0.6029411764705883,0.5620674740484429,39,29,29,39,4,45,logistic_regression,Model only,544,136,136,34
0.5735294117647058,0.5735294117647058,0.5735294117647058,0.5735294117647058,0.5735294117647058,0.6029411764705883,0.5620674740484429,39,29,29,39,4,45,random_forest,Model only,544,136,136,34
0.4411764705882353,0.4411764705882353,0.4444444444444444,0.47058823529411764,0.45714285714285713,0.5103806228373702,0.4985639935442374,28,40,36,32,4,45,logistic_regression,Prompt size only,544,136,136,34
0.375,0.375,0.38666666666666666,0.4264705882352941,0.40559440559440557,0.36883650519031147,0.40866178602441583,22,46,39,29,4,45,random_forest,Prompt size only,544,136,136,34
0.5147058823529411,0.5147058823529411,0.5166666666666667,0.45588235294117646,0.484375,0.5352508650519031,0.5244374858074504,39,29,37,31,4,45,logistic_regression,Prompt semantic only,544,136,136,34
0.5441176470588235,0.5441176470588235,0.5394736842105263,0.6029411764705882,0.5694444444444444,0.5778546712802768,0.5604227113733624,33,35,27,41,4,45,random_forest,Prompt semantic only,544,136,136,34
0.5588235294117647,0.5588235294117647,0.5689655172413793,0.4852941176470588,0.5238095238095238,0.5951557093425605,0.6293399603512831,43,25,35,33,4,45,logistic_regression,Patch only,544,136,136,34
0.5882352941176471,0.5882352941176471,0.625,0.4411764705882353,0.5172413793103449,0.588235294117647,0.5462555405517935,50,18,38,30,4,45,random_forest,Patch only,544,136,136,34
0.5661764705882353,0.5661764705882353,0.5671641791044776,0.5588235294117647,0.562962962962963,0.6243512110726643,0.6515517319836792,39,29,30,38,4,45,logistic_regression,Patch + Model,544,136,136,34
0.5955882352941176,0.5955882352941176,0.6031746031746031,0.5588235294117647,0.5801526717557252,0.5910467128027681,0.5766504875556456,43,25,30,38,4,45,random_forest,Patch + Model,544,136,136,34
0.5367647058823529,0.5367647058823529,0.5454545454545454,0.4411764705882353,0.4878048780487805,0.5490916955017301,0.555979089697126,43,25,38,30,4,45,logistic_regression,Patch + Prompt semantic,544,136,136,34
0.5367647058823529,0.5367647058823529,0.5531914893617021,0.38235294117647056,0.45217391304347826,0.6084558823529412,0.6037380396546554,47,21,42,26,4,45,random_forest,Patch + Prompt semantic,544,136,136,34
0.5955882352941176,0.5955882352941176,0.6140350877192983,0.5147058823529411,0.56,0.5622837370242214,0.5329375003091139,46,22,33,35,4,45,logistic_regression,Prompt size + Prompt semantic,544,136,136,34
0.5808823529411765,0.5808823529411764,0.5774647887323944,0.6029411764705882,0.5899280575539568,0.5189230103806228,0.5048091221844218,38,30,27,41,4,45,random_forest,Prompt size + Prompt semantic,544,136,136,34
0.5441176470588235,0.5441176470588236,0.5555555555555556,0.4411764705882353,0.4918032786885246,0.5570934256055363,0.556986539938659,44,24,38,30,4,45,logistic_regression,Prompt semantic + Patch + Model,544,136,136,34
0.5514705882352942,0.5514705882352942,0.5507246376811594,0.5588235294117647,0.5547445255474452,0.59375,0.6163107662588891,37,31,30,38,4,45,random_forest,Prompt semantic + Patch + Model,544,136,136,34
0.5882352941176471,0.5882352941176471,0.6071428571428571,0.5,0.5483870967741935,0.597318339100346,0.5644414831705369,46,22,34,34,4,45,logistic_regression,All pre-SAST features,544,136,136,34
0.6323529411764706,0.6323529411764706,0.6323529411764706,0.6323529411764706,0.6323529411764706,0.6244593425605536,0.6099875591680781,43,25,25,43,4,45,random_forest,All pre-SAST features,544,136,136,34
0.5147058823529411,0.5149122807017544,0.45588235294117646,0.5166666666666667,0.484375,0.5298245614035088,0.4579248366013072,39,37,29,31,5,46,logistic_regression,Model only,544,136,136,34
0.5147058823529411,0.5149122807017544,0.45588235294117646,0.5166666666666667,0.484375,0.5298245614035088,0.4579248366013072,39,37,29,31,5,46,random_forest,Model only,544,136,136,34
0.6323529411764706,0.6482456140350877,0.5595238095238095,0.7833333333333333,0.6527777777777778,0.6559210526315791,0.6284627869173892,39,37,13,47,5,46,logistic_regression,Prompt size only,544,136,136,34
0.5073529411764706,0.5223684210526316,0.4588235294117647,0.65,0.5379310344827586,0.5058114035087719,0.43639922673052645,30,46,21,39,5,46,random_forest,Prompt size only,544,136,136,34
0.45588235294117646,0.46228070175438596,0.40789473684210525,0.5166666666666667,0.45588235294117646,0.4956140350877193,0.476419224111726,31,45,29,31,5,46,logistic_regression,Prompt semantic only,544,136,136,34
0.5882352941176471,0.5894736842105264,0.5294117647058824,0.6,0.5625,0.6868421052631579,0.6671005282992932,44,32,24,36,5,46,random_forest,Prompt semantic only,544,136,136,34
0.6029411764705882,0.5903508771929824,0.5576923076923077,0.48333333333333334,0.5178571428571429,0.6048245614035088,0.5913271504267007,53,23,31,29,5,46,logistic_regression,Patch only,544,136,136,34
0.5588235294117647,0.5561403508771929,0.5,0.5333333333333333,0.5161290322580645,0.581359649122807,0.5051849529489836,44,32,28,32,5,46,random_forest,Patch only,544,136,136,34
0.5441176470588235,0.5482456140350878,0.4861111111111111,0.5833333333333334,0.5303030303030303,0.6049342105263158,0.5696011398520414,39,37,25,35,5,46,logistic_regression,Patch + Model,544,136,136,34
0.5367647058823529,0.5346491228070176,0.47692307692307695,0.5166666666666667,0.496,0.5653508771929826,0.491885020506917,42,34,29,31,5,46,random_forest,Patch + Model,544,136,136,34
0.4485294117647059,0.45394736842105265,0.4,0.5,0.4444444444444444,0.5359649122807018,0.49469929874141366,31,45,30,30,5,46,logistic_regression,Patch + Prompt semantic,544,136,136,34
0.5,0.5087719298245614,0.44871794871794873,0.5833333333333334,0.5072463768115942,0.556359649122807,0.5387854433909651,33,43,25,35,5,46,random_forest,Patch + Prompt semantic,544,136,136,34
0.5,0.5140350877192983,0.4523809523809524,0.6333333333333333,0.5277777777777778,0.5166666666666666,0.4990907241230699,30,46,22,38,5,46,logistic_regression,Prompt size + Prompt semantic,544,136,136,34
0.4411764705882353,0.4631578947368421,0.4148936170212766,0.65,0.5064935064935064,0.5328947368421053,0.47271018600870734,21,55,21,39,5,46,random_forest,Prompt size + Prompt semantic,544,136,136,34
0.47794117647058826,0.4820175438596491,0.4246575342465753,0.5166666666666667,0.46616541353383456,0.5355263157894736,0.48826382587806194,34,42,29,31,5,46,logistic_regression,Prompt semantic + Patch + Model,544,136,136,34
0.5367647058823529,0.5399122807017545,0.4788732394366197,0.5666666666666667,0.5190839694656488,0.5868421052631579,0.5560372440242831,39,37,26,34,5,46,random_forest,Prompt semantic + Patch + Model,544,136,136,34
0.5514705882352942,0.5618421052631579,0.4936708860759494,0.65,0.5611510791366906,0.5653508771929825,0.5059720462230975,36,40,21,39,5,46,logistic_regression,All pre-SAST features,544,136,136,34
0.4852941176470588,0.4903508771929824,0.43243243243243246,0.5333333333333333,0.47761194029850745,0.506688596491228,0.4656589983299874,34,42,28,32,5,46,random_forest,All pre-SAST features,544,136,136,34
0.5220588235294118,0.5249084249084249,0.35294117647058826,0.5333333333333333,0.4247787610619469,0.5373626373626373,0.34852941176470587,47,44,21,24,6,47,logistic_regression,Model only,544,136,136,34
0.5220588235294118,0.5249084249084249,0.35294117647058826,0.5333333333333333,0.4247787610619469,0.5373626373626373,0.34852941176470587,47,44,21,24,6,47,random_forest,Model only,544,136,136,34
0.5882352941176471,0.5631257631257631,0.4,0.4888888888888889,0.44,0.6434676434676435,0.4312042804600318,58,33,23,22,6,47,logistic_regression,Prompt size only,544,136,136,34
0.6691176470588235,0.6404151404151404,0.5,0.5555555555555556,0.5263157894736842,0.7009768009768009,0.4367815938081891,66,25,20,25,6,47,random_forest,Prompt size only,544,136,136,34
0.5073529411764706,0.4409035409035409,0.25,0.24444444444444444,0.24719101123595505,0.47802197802197804,0.33488548125803025,58,33,34,11,6,47,logistic_regression,Prompt semantic only,544,136,136,34
0.5955882352941176,0.5967032967032967,0.421875,0.6,0.4954128440366973,0.6655677655677656,0.5312584216642188,54,37,18,27,6,47,random_forest,Prompt semantic only,544,136,136,34
0.6102941176470589,0.602075702075702,0.43333333333333335,0.5777777777777777,0.49523809523809526,0.6024420024420024,0.4194134398320973,57,34,19,26,6,47,logistic_regression,Patch only,544,136,136,34
0.5661764705882353,0.5522588522588523,0.38333333333333336,0.5111111111111111,0.4380952380952381,0.5741147741147741,0.41420297213403995,54,37,22,23,6,47,random_forest,Patch only,544,136,136,34
0.5588235294117647,0.5636141636141636,0.3880597014925373,0.5777777777777777,0.4642857142857143,0.5965811965811966,0.41698496826581627,50,41,19,26,6,47,logistic_regression,Patch + Model,544,136,136,34
0.5294117647058824,0.5416361416361416,0.36619718309859156,0.5777777777777777,0.4482758620689655,0.5744810744810744,0.4524191184337051,46,45,19,26,6,47,random_forest,Patch + Model,544,136,136,34
0.49264705882352944,0.43553113553113554,0.25,0.26666666666666666,0.25806451612903225,0.4686202686202686,0.308125006073114,55,36,33,12,6,47,logistic_regression,Patch + Prompt semantic,544,136,136,34
0.6397058823529411,0.6465201465201464,0.46875,0.6666666666666666,0.5504587155963303,0.7035409035409035,0.5034829674092152,57,34,15,30,6,47,random_forest,Patch + Prompt semantic,544,136,136,34
0.5955882352941176,0.5293040293040293,0.375,0.3333333333333333,0.35294117647058826,0.5172161172161172,0.3490526895754661,66,25,30,15,6,47,logistic_regression,Prompt size + Prompt semantic,544,136,136,34
0.7058823529411765,0.7015873015873015,0.543859649122807,0.6888888888888889,0.6078431372549019,0.7559218559218559,0.5697654278400229,65,26,14,31,6,47,random_forest,Prompt size + Prompt semantic,544,136,136,34
0.5294117647058824,0.4686202686202686,0.28888888888888886,0.28888888888888886,0.28888888888888886,0.47667887667887665,0.3102541091722667,59,32,32,13,6,47,logistic_regression,Prompt semantic + Patch + Model,544,136,136,34
0.6323529411764706,0.6185592185592186,0.45614035087719296,0.5777777777777777,0.5098039215686274,0.7147741147741148,0.5394720670153293,60,31,19,26,6,47,random_forest,Prompt semantic + Patch + Model,544,136,136,34
0.5882352941176471,0.5181929181929181,0.358974358974359,0.3111111111111111,0.3333333333333333,0.5267399267399268,0.34508638628784577,66,25,31,14,6,47,logistic_regression,All pre-SAST features,544,136,136,34
0.6838235294117647,0.6738705738705739,0.5178571428571429,0.6444444444444445,0.5742574257425742,0.7355311355311356,0.5949078651128649,64,27,16,29,6,47,random_forest,All pre-SAST features,544,136,136,34
0.49264705882352944,0.5185792349726775,0.46078431372549017,0.7704918032786885,0.5766871165644172,0.5260109289617486,0.4631147540983606,20,55,14,47,7,48,logistic_regression,Model only,544,136,136,34
0.49264705882352944,0.5185792349726775,0.46078431372549017,0.7704918032786885,0.5766871165644172,0.5260109289617486,0.4631147540983606,20,55,14,47,7,48,random_forest,Model only,544,136,136,34
0.5073529411764706,0.4982513661202186,0.44642857142857145,0.4098360655737705,0.42735042735042733,0.6303825136612021,0.5322164443377579,44,31,36,25,7,48,logistic_regression,Prompt size only,544,136,136,34
0.5514705882352942,0.5520218579234972,0.5,0.5573770491803278,0.5271317829457365,0.5924590163934427,0.5375810944390518,41,34,27,34,7,48,random_forest,Prompt size only,544,136,136,34
0.4338235294117647,0.43005464480874317,0.375,0.39344262295081966,0.384,0.5180327868852459,0.5330492874513517,35,40,37,24,7,48,logistic_regression,Prompt semantic only,544,136,136,34
0.5808823529411765,0.572568306010929,0.5357142857142857,0.4918032786885246,0.5128205128205128,0.6324590163934426,0.62016423344315,49,26,31,30,7,48,random_forest,Prompt semantic only,544,136,136,34
0.5294117647058824,0.5274316939890711,0.47692307692307695,0.5081967213114754,0.49206349206349204,0.5943169398907103,0.5665946714237262,41,34,30,31,7,48,logistic_regression,Patch only,544,136,136,34
0.6029411764705882,0.5956284153005464,0.5614035087719298,0.5245901639344263,0.5423728813559322,0.60775956284153,0.52432715063532,50,25,29,32,7,48,random_forest,Patch only,544,136,136,34
0.5808823529411765,0.5863387978142076,0.527027027027027,0.639344262295082,0.5777777777777777,0.5840437158469945,0.5490958910010785,40,35,22,39,7,48,logistic_regression,Patch + Model,544,136,136,34
0.625,0.6263387978142076,0.5735294117647058,0.639344262295082,0.6046511627906976,0.6465573770491803,0.560157139251558,46,29,22,39,7,48,random_forest,Patch + Model,544,136,136,34
0.49264705882352944,0.4879781420765027,0.43548387096774194,0.4426229508196721,0.43902439024390244,0.5407650273224044,0.5369022962843361,40,35,34,27,7,48,logistic_regression,Patch + Prompt semantic,544,136,136,34
0.5514705882352942,0.5428415300546449,0.5,0.45901639344262296,0.47863247863247865,0.6061202185792349,0.5337057414340693,47,28,33,28,7,48,random_forest,Patch + Prompt semantic,544,136,136,34
0.4632352941176471,0.45672131147540984,0.4,0.39344262295081966,0.39669421487603307,0.5481967213114753,0.5210564232928644,39,36,37,24,7,48,logistic_regression,Prompt size + Prompt semantic,544,136,136,34
0.6397058823529411,0.6381420765027322,0.59375,0.6229508196721312,0.608,0.6998907103825136,0.6270988399024373,49,26,23,38,7,48,random_forest,Prompt size + Prompt semantic,544,136,136,34
0.5147058823529411,0.5110382513661202,0.4603174603174603,0.47540983606557374,0.46774193548387094,0.5495081967213116,0.5457848637098088,41,34,32,29,7,48,logistic_regression,Prompt semantic + Patch + Model,544,136,136,34
0.5808823529411765,0.5740983606557377,0.5344827586206896,0.5081967213114754,0.5210084033613446,0.608743169398907,0.5360306840983172,48,27,30,31,7,48,random_forest,Prompt semantic + Patch + Model,544,136,136,34
0.5367647058823529,0.5356284153005464,0.48484848484848486,0.5245901639344263,0.5039370078740157,0.5755191256830602,0.5492817286245646,41,34,29,32,7,48,logistic_regression,All pre-SAST features,544,136,136,34
0.5735294117647058,0.5628415300546448,0.5283018867924528,0.45901639344262296,0.49122807017543857,0.6513661202185793,0.5660208759797389,50,25,33,28,7,48,random_forest,All pre-SAST features,544,136,136,34
0.5441176470588235,0.544463818657367,0.5,0.5483870967741935,0.5230769230769231,0.559285091543156,0.4889310562934851,40,34,28,34,8,49,logistic_regression,Model only,544,136,136,34
0.5441176470588235,0.544463818657367,0.5,0.5483870967741935,0.5230769230769231,0.559285091543156,0.4889310562934851,40,34,28,34,8,49,random_forest,Model only,544,136,136,34
0.47058823529411764,0.47035745422842196,0.4264705882352941,0.46774193548387094,0.4461538461538462,0.5047951176983435,0.49077623361943556,35,39,33,29,8,49,logistic_regression,Prompt size only,544,136,136,34
0.5514705882352942,0.5538360941586749,0.5070422535211268,0.5806451612903226,0.5413533834586466,0.5589581517000872,0.543118898748763,39,35,26,36,8,49,random_forest,Prompt size only,544,136,136,34
0.4411764705882353,0.4433304272013949,0.4027777777777778,0.46774193548387094,0.43283582089552236,0.4302528334786399,0.432415202016567,31,43,33,29,8,49,logistic_regression,Prompt semantic only,544,136,136,34
0.5441176470588235,0.547079337401918,0.5,0.5806451612903226,0.5373134328358209,0.541848299912816,0.48512172497214123,38,36,26,36,8,49,random_forest,Prompt semantic only,544,136,136,34
0.5808823529411765,0.5769398430688752,0.5409836065573771,0.532258064516129,0.5365853658536586,0.5450087183958151,0.4780738861882826,46,28,29,33,8,49,logistic_regression,Patch only,544,136,136,34
0.5441176470588235,0.536617262423714,0.5,0.45161290322580644,0.4745762711864407,0.5624455100261552,0.496848708142565,46,28,34,28,8,49,random_forest,Patch only,544,136,136,34
0.5441176470588235,0.544463818657367,0.5,0.5483870967741935,0.5230769230769231,0.5658238884045336,0.4880631755771766,40,34,28,34,8,49,logistic_regression,Patch + Model,544,136,136,34
0.5661764705882353,0.5608108108108107,0.5254237288135594,0.5,0.512396694214876,0.5841325196163906,0.536234174281962,46,28,31,31,8,49,random_forest,Patch + Model,544,136,136,34
0.4485294117647059,0.4513949433304272,0.410958904109589,0.4838709677419355,0.4444444444444444,0.4445292066259808,0.41520050212458226,31,43,32,30,8,49,logistic_regression,Patch + Prompt semantic,544,136,136,34
0.5514705882352942,0.5525283347863994,0.5072463768115942,0.5645161290322581,0.5343511450381679,0.6122493461203139,0.5254496516458161,40,34,27,35,8,49,random_forest,Patch + Prompt semantic,544,136,136,34
0.47794117647058826,0.4810374891020052,0.4383561643835616,0.5161290322580645,0.4740740740740741,0.495640802092415,0.5052690786823204,33,41,30,32,8,49,logistic_regression,Prompt size + Prompt semantic,544,136,136,34
0.6102941176470589,0.6091979075850044,0.5692307692307692,0.5967741935483871,0.5826771653543307,0.5823888404533565,0.5759106842232451,46,28,25,37,8,49,random_forest,Prompt size + Prompt semantic,544,136,136,34
0.4485294117647059,0.4513949433304272,0.410958904109589,0.4838709677419355,0.4444444444444444,0.4498692240627724,0.41792787396594583,31,43,32,30,8,49,logistic_regression,Prompt semantic + Patch + Model,544,136,136,34
0.5882352941176471,0.5928509154315607,0.5405405405405406,0.6451612903225806,0.5882352941176471,0.5780296425457715,0.5088448243510209,40,34,22,40,8,49,random_forest,Prompt semantic + Patch + Model,544,136,136,34
0.4852941176470588,0.485178727114211,0.4411764705882353,0.4838709677419355,0.46153846153846156,0.5065387968613775,0.4825523899833572,36,38,32,30,8,49,logistic_regression,All pre-SAST features,544,136,136,34
0.6176470588235294,0.6146469049694856,0.5806451612903226,0.5806451612903226,0.5806451612903226,0.5623365300784656,0.5028069246141963,48,26,26,36,8,49,random_forest,All pre-SAST features,544,136,136,34
0.5514705882352942,0.5568969639015061,0.7058823529411765,0.5393258426966292,0.6114649681528662,0.577217308152044,0.6929389733421458,27,20,41,48,9,50,logistic_regression,Model only,544,136,136,34
0.5514705882352942,0.5568969639015061,0.7058823529411765,0.5393258426966292,0.6114649681528662,0.577217308152044,0.6929389733421458,27,20,41,48,9,50,random_forest,Model only,544,136,136,34
0.625,0.6482189815921587,0.796875,0.5730337078651685,0.6666666666666666,0.734401147501793,0.832608280471319,34,13,38,51,9,50,logistic_regression,Prompt size only,544,136,136,34
0.4632352941176471,0.5396844370069328,0.7222222222222222,0.29213483146067415,0.416,0.6135548649294764,0.7343957041409108,37,10,63,26,9,50,random_forest,Prompt size only,544,136,136,34
0.5514705882352942,0.5167344011475018,0.6666666666666666,0.6292134831460674,0.6473988439306358,0.4335405211570643,0.6304104096209712,19,28,33,56,9,50,logistic_regression,Prompt semantic only,544,136,136,34
0.4485294117647059,0.4431030360984939,0.6029411764705882,0.4606741573033708,0.5222929936305732,0.41632799426249106,0.6286380909386136,20,27,48,41,9,50,random_forest,Prompt semantic only,544,136,136,34
0.5367647058823529,0.5707626105665791,0.7321428571428571,0.4606741573033708,0.5655172413793104,0.5951470236672244,0.7517254201381602,32,15,48,41,9,50,logistic_regression,Patch only,544,136,136,34
0.49264705882352944,0.5219937843652881,0.6785714285714286,0.42696629213483145,0.5241379310344828,0.5633516614869711,0.6976696815939708,29,18,51,38,9,50,random_forest,Patch only,544,136,136,34
0.5735294117647058,0.5837915371742768,0.7313432835820896,0.550561797752809,0.6282051282051282,0.6243126942385848,0.767949690769492,29,18,40,49,9,50,logistic_regression,Patch + Model,544,136,136,34
0.5147058823529411,0.5338273966053072,0.6885245901639344,0.47191011235955055,0.56,0.5627540043031317,0.71216018068982,28,19,47,42,9,50,random_forest,Patch + Model,544,136,136,34
0.5294117647058824,0.5049007889074827,0.6582278481012658,0.5842696629213483,0.6190476190476191,0.45828352856801335,0.6435317055099348,20,27,37,52,9,50,logistic_regression,Patch + Prompt semantic,544,136,136,34
0.4485294117647059,0.4230217547214917,0.5921052631578947,0.5056179775280899,0.5454545454545454,0.42242409753765237,0.6200518414899313,16,31,44,45,9,50,random_forest,Patch + Prompt semantic,544,136,136,34
0.5367647058823529,0.5456610088453264,0.696969696969697,0.5168539325842697,0.5935483870967742,0.5125508008606263,0.6672950913843652,27,20,43,46,9,50,logistic_regression,Prompt size + Prompt semantic,544,136,136,34
0.47794117647058826,0.5057375089648577,0.6607142857142857,0.4157303370786517,0.5103448275862069,0.5057375089648578,0.660251914055348,28,19,52,37,9,50,random_forest,Prompt size + Prompt semantic,544,136,136,34
0.5073529411764706,0.4830265359789625,0.6410256410256411,0.5617977528089888,0.5988023952095808,0.4692804207506574,0.6506668351632582,19,28,39,50,9,50,logistic_regression,Prompt semantic + Patch + Model,544,136,136,34
0.41911764705882354,0.39552952426488164,0.5675675675675675,0.47191011235955055,0.5153374233128835,0.4202725316758308,0.6316194024104097,15,32,47,42,9,50,random_forest,Prompt semantic + Patch + Model,544,136,136,34
0.5294117647058824,0.5400430313172364,0.6923076923076923,0.5056179775280899,0.5844155844155844,0.5374133397083434,0.6856705955367935,27,20,44,45,9,50,logistic_regression,All pre-SAST features,544,136,136,34
0.5073529411764706,0.5131484580444656,0.6666666666666666,0.4943820224719101,0.567741935483871,0.5160172125268946,0.6403636674935089,25,22,45,44,9,50,random_forest,All pre-SAST features,544,136,136,34
0.5073529411764706,0.5184182015167931,0.49019607843137253,0.7692307692307693,0.5988023952095808,0.5257854821235103,0.49249622926093517,19,52,15,50,10,51,logistic_regression,Model only,544,136,136,34
0.5220588235294118,0.5221018418201517,0.5,0.5230769230769231,0.5112781954887218,0.5257854821235103,0.49249622926093517,37,34,31,34,10,51,random_forest,Model only,544,136,136,34
0.6691176470588235,0.6759479956663055,0.6136363636363636,0.8307692307692308,0.7058823529411765,0.7618634886240521,0.7214609228220257,37,34,11,54,10,51,logistic_regression,Prompt size only,544,136,136,34
0.39705882352941174,0.39003250270855905,0.3191489361702128,0.23076923076923078,0.26785714285714285,0.45027085590465876,0.4499253228572652,39,32,50,15,10,51,random_forest,Prompt size only,544,136,136,34
0.4632352941176471,0.46446370530877573,0.4444444444444444,0.49230769230769234,0.46715328467153283,0.4666305525460455,0.5114356633849024,31,40,33,32,10,51,logistic_regression,Prompt semantic only,544,136,136,34
0.6102941176470589,0.6144095341278439,0.575,0.7076923076923077,0.6344827586206897,0.6079089924160347,0.5641434300029162,37,34,19,46,10,51,random_forest,Prompt semantic only,544,136,136,34
0.5220588235294118,0.5208017334777899,0.5,0.49230769230769234,0.49612403100775193,0.5544962080173348,0.5197143425151723,39,32,33,32,10,51,logistic_regression,Patch only,544,136,136,34
0.5514705882352942,0.5522210184182015,0.5285714285714286,0.5692307692307692,0.5481481481481482,0.5840736728060671,0.5466822548763841,38,33,28,37,10,51,random_forest,Patch only,544,136,136,34
0.5367647058823529,0.5361863488624052,0.5151515151515151,0.5230769230769231,0.5190839694656488,0.5515709642470206,0.5089296831406149,39,32,31,34,10,51,logistic_regression,Patch + Model,544,136,136,34
0.6323529411764706,0.6329360780065005,0.6086956521739131,0.6461538461538462,0.6268656716417911,0.6102925243770314,0.5708527898036939,44,27,23,42,10,51,random_forest,Patch + Model,544,136,136,34
0.49264705882352944,0.4926327193932828,0.47058823529411764,0.49230769230769234,0.48120300751879697,0.45882990249187433,0.4751605969513723,35,36,33,32,10,51,logistic_regression,Patch + Prompt semantic,544,136,136,34
0.5661764705882353,0.5702058504875406,0.5375,0.6615384615384615,0.593103448275862,0.5748645720476707,0.5281424802708631,34,37,22,43,10,51,random_forest,Patch + Prompt semantic,544,136,136,34
0.47058823529411764,0.4721560130010834,0.4520547945205479,0.5076923076923077,0.4782608695652174,0.5096424702058504,0.4931377516412693,31,40,32,33,10,51,logistic_regression,Prompt size + Prompt semantic,544,136,136,34
0.5,0.5003250270855905,0.4782608695652174,0.5076923076923077,0.4925373134328358,0.5593716143011918,0.48932244832520055,35,36,32,33,10,51,random_forest,Prompt size + Prompt semantic,544,136,136,34
0.4852941176470588,0.48624052004333695,0.4647887323943662,0.5076923076923077,0.4852941176470588,0.4671722643553629,0.47884913064660645,33,38,32,33,10,51,logistic_regression,Prompt semantic + Patch + Model,544,136,136,34
0.5367647058823529,0.5420368364030336,0.5119047619047619,0.6615384615384615,0.5771812080536913,0.5772481040086673,0.5593362436234952,30,41,22,43,10,51,random_forest,Prompt semantic + Patch + Model,544,136,136,34
0.5220588235294118,0.5221018418201517,0.5,0.5230769230769231,0.5112781954887218,0.5092091007583965,0.496503745362436,37,34,31,34,10,51,logistic_regression,All pre-SAST features,544,136,136,34
0.5,0.5022751895991333,0.48,0.5538461538461539,0.5142857142857142,0.5165763813651137,0.47955634009825976,32,39,29,36,10,51,random_forest,All pre-SAST features,544,136,136,34
0.5514705882352942,0.5405200433369447,0.5490196078431373,0.7887323943661971,0.6473988439306358,0.5699891657638136,0.5698356807511737,19,46,15,56,11,52,logistic_regression,Model only,544,136,136,34
0.5514705882352942,0.5405200433369447,0.5490196078431373,0.7887323943661971,0.6473988439306358,0.5699891657638136,0.5698356807511737,19,46,15,56,11,52,random_forest,Model only,544,136,136,34
0.41911764705882354,0.41375947995666307,0.4523809523809524,0.5352112676056338,0.49032258064516127,0.44940411700975086,0.48570898882477515,19,46,33,38,11,52,logistic_regression,Prompt size only,544,136,136,34
0.47794117647058826,0.4824485373781149,0.5,0.38028169014084506,0.432,0.4676056338028169,0.5256230644362208,38,27,44,27,11,52,random_forest,Prompt size only,544,136,136,34
0.4338235294117647,0.43629469122426867,0.45,0.38028169014084506,0.4122137404580153,0.4257854821235103,0.5202052096866004,32,33,44,27,11,52,logistic_regression,Prompt semantic only,544,136,136,34
0.4338235294117647,0.43759479956663055,0.44642857142857145,0.352112676056338,0.3937007874015748,0.49263271939328274,0.5111614122886207,34,31,46,25,11,52,random_forest,Prompt semantic only,544,136,136,34
0.5808823529411765,0.5849404117009751,0.625,0.49295774647887325,0.5511811023622047,0.552329360780065,0.6209058434150295,44,21,36,35,11,52,logistic_regression,Patch only,544,136,136,34
0.5,0.504875406283857,0.5283018867924528,0.39436619718309857,0.45161290322580644,0.5152762730227519,0.5576903616344326,40,25,43,28,11,52,random_forest,Patch only,544,136,136,34
0.5735294117647058,0.5733477789815817,0.5942028985507246,0.5774647887323944,0.5857142857142857,0.5695557963163597,0.6424709435514899,37,28,30,41,11,52,logistic_regression,Patch + Model,544,136,136,34
0.5073529411764706,0.5073672806067172,0.5294117647058824,0.5070422535211268,0.5179856115107914,0.4990249187432286,0.5513072777902821,33,32,35,36,11,52,random_forest,Patch + Model,544,136,136,34
0.47794117647058826,0.48049837486457203,0.5,0.4225352112676056,0.4580152671755725,0.4559046587215601,0.5405093796269498,35,30,41,30,11,52,logistic_regression,Patch + Prompt semantic,544,136,136,34
0.4852941176470588,0.48689057421451787,0.5079365079365079,0.4507042253521127,0.47761194029850745,0.537919826652221,0.5629200069763342,34,31,39,32,11,52,random_forest,Patch + Prompt semantic,544,136,136,34
0.4264705882352941,0.4234019501625136,0.45454545454545453,0.49295774647887325,0.47297297297297297,0.40455037919826653,0.4865378631727394,23,42,36,35,11,52,logistic_regression,Prompt size + Prompt semantic,544,136,136,34
0.5220588235294118,0.5279523293607801,0.56,0.39436619718309857,0.4628099173553719,0.471614301191766,0.4985078009043542,43,22,43,28,11,52,random_forest,Prompt size + Prompt semantic,544,136,136,34
0.47058823529411764,0.4721560130010834,0.49206349206349204,0.43661971830985913,0.4626865671641791,0.4680390032502708,0.5467450042553103,33,32,40,31,11,52,logistic_regression,Prompt semantic + Patch + Model,544,136,136,34
0.49264705882352944,0.4952329360780065,0.5166666666666667,0.43661971830985913,0.4732824427480916,0.4988082340195016,0.5098171498384462,36,29,40,31,11,52,random_forest,Prompt semantic + Patch + Model,544,136,136,34
0.4852941176470588,0.4836403033586132,0.5068493150684932,0.5211267605633803,0.5138888888888888,0.42795232936078004,0.5142614465712652,29,36,34,37,11,52,logistic_regression,All pre-SAST features,544,136,136,34
0.5,0.5029252437703142,0.5254237288135594,0.43661971830985913,0.47692307692307695,0.5485373781148429,0.554405790585817,37,28,40,31,11,52,random_forest,All pre-SAST features,544,136,136,34
0.5588235294117647,0.5590277777777778,0.5882352941176471,0.5555555555555556,0.5714285714285714,0.5811631944444444,0.5750272331154683,36,28,32,40,12,53,logistic_regression,Model only,544,136,136,34
0.5588235294117647,0.5590277777777778,0.5882352941176471,0.5555555555555556,0.5714285714285714,0.5811631944444444,0.5750272331154683,36,28,32,40,12,53,random_forest,Model only,544,136,136,34
0.41911764705882354,0.4253472222222222,0.4339622641509434,0.3194444444444444,0.368,0.5167100694444444,0.5211402058998814,34,30,49,23,12,53,logistic_regression,Prompt size only,544,136,136,34
0.4338235294117647,0.4505208333333333,0.41379310344827586,0.16666666666666666,0.2376237623762376,0.6162109375,0.5636379133397383,47,17,60,12,12,53,random_forest,Prompt size only,544,136,136,34
0.4411764705882353,0.4392361111111111,0.4722222222222222,0.4722222222222222,0.4722222222222222,0.44780815972222227,0.5030169172341525,26,38,38,34,12,53,logistic_regression,Prompt semantic only,544,136,136,34
0.6029411764705882,0.6015625,0.625,0.625,0.625,0.6623263888888888,0.7252860457883236,37,27,27,45,12,53,random_forest,Prompt semantic only,544,136,136,34
0.5220588235294118,0.5321180555555556,0.5777777777777777,0.3611111111111111,0.4444444444444444,0.5526258680555556,0.5556101492464254,45,19,46,26,12,53,logistic_regression,Patch only,544,136,136,34
0.5147058823529411,0.5225694444444444,0.56,0.3888888888888889,0.45901639344262296,0.5376519097222221,0.5825633883251727,42,22,44,28,12,53,random_forest,Patch only,544,136,136,34
0.5,0.5104166666666666,0.5454545454545454,0.3333333333333333,0.41379310344827586,0.566189236111111,0.5696211045984818,44,20,48,24,12,53,logistic_regression,Patch + Model,544,136,136,34
0.5367647058823529,0.5407986111111112,0.576271186440678,0.4722222222222222,0.5190839694656488,0.5477430555555556,0.5781311759949627,39,25,38,34,12,53,random_forest,Patch + Model,544,136,136,34
0.5,0.5026041666666666,0.532258064516129,0.4583333333333333,0.4925373134328358,0.45703124999999994,0.49572434214849165,35,29,39,33,12,53,logistic_regression,Patch + Prompt semantic,544,136,136,34
0.5735294117647058,0.5685763888888888,0.5875,0.6527777777777778,0.618421052631579,0.5632595486111112,0.5562906958013686,31,33,25,47,12,53,random_forest,Patch + Prompt semantic,544,136,136,34
0.45588235294117646,0.4592013888888889,0.48333333333333334,0.4027777777777778,0.4393939393939394,0.47504340277777773,0.4847038577677147,33,31,43,29,12,53,logistic_regression,Prompt size + Prompt semantic,544,136,136,34
0.6323529411764706,0.6328125,0.6617647058823529,0.625,0.6428571428571429,0.6944444444444444,0.7267896577818479,41,23,27,45,12,53,random_forest,Prompt size + Prompt semantic,544,136,136,34
0.5147058823529411,0.5173611111111112,0.5483870967741935,0.4722222222222222,0.5074626865671642,0.47265624999999994,0.4996072761120196,36,28,38,34,12,53,logistic_regression,Prompt semantic + Patch + Model,544,136,136,34
0.5367647058823529,0.5355902777777778,0.5633802816901409,0.5555555555555556,0.5594405594405595,0.5379774305555556,0.54112758261274,33,31,32,40,12,53,random_forest,Prompt semantic + Patch + Model,544,136,136,34
0.47794117647058826,0.4809027777777778,0.5081967213114754,0.4305555555555556,0.46616541353383456,0.48111979166666663,0.49812754051307845,34,30,41,31,12,53,logistic_regression,All pre-SAST features,544,136,136,34
0.5441176470588235,0.5442708333333333,0.5735294117647058,0.5416666666666666,0.5571428571428572,0.6080729166666667,0.5853735581348049,35,29,33,39,12,53,random_forest,All pre-SAST features,544,136,136,34
0.5367647058823529,0.5369645575125027,0.5,0.5396825396825397,0.5190839694656488,0.5628397477712546,0.49638188608776845,39,34,29,34,13,54,logistic_regression,Model only,544,136,136,34
0.5367647058823529,0.5369645575125027,0.5,0.5396825396825397,0.5190839694656488,0.5628397477712546,0.49638188608776845,39,34,29,34,13,54,random_forest,Model only,544,136,136,34
0.5367647058823529,0.530441400304414,0.5,0.4444444444444444,0.47058823529411764,0.49489019352033053,0.476187985935624,45,28,35,28,13,54,logistic_regression,Prompt size only,544,136,136,34
0.45588235294117646,0.46162209175907803,0.43037974683544306,0.5396825396825397,0.4788732394366197,0.46325288106110024,0.4269777841574078,28,45,29,34,13,54,random_forest,Prompt size only,544,136,136,34
0.4485294117647059,0.4547727766905849,0.425,0.5396825396825397,0.4755244755244755,0.4953250706675364,0.5129809256944036,27,46,29,34,13,54,logistic_regression,Prompt semantic only,544,136,136,34
0.625,0.6278538812785388,0.5833333333333334,0.6666666666666666,0.6222222222222222,0.61176342683192,0.5996218356313597,43,30,21,42,13,54,random_forest,Prompt semantic only,544,136,136,34
0.625,0.6235051098064797,0.59375,0.6031746031746031,0.5984251968503937,0.6105675146771038,0.5752888928591309,47,26,25,38,13,54,logistic_regression,Patch only,544,136,136,34
0.5882352941176471,0.5816481843879104,0.5636363636363636,0.49206349206349204,0.5254237288135594,0.6161121983039791,0.6035686877979434,49,24,32,31,13,54,random_forest,Patch only,544,136,136,34
0.5808823529411765,0.58675799086758,0.5384615384615384,0.6666666666666666,0.5957446808510638,0.6150250054359643,0.5541352762104312,37,36,21,42,13,54,logistic_regression,Patch + Model,544,136,136,34
0.5955882352941176,0.5928462709284628,0.5645161290322581,0.5555555555555556,0.56,0.6251358991085019,0.5976149875564116,46,27,28,35,13,54,random_forest,Patch + Model,544,136,136,34
0.4411764705882353,0.4500978473581213,0.4235294117647059,0.5714285714285714,0.4864864864864865,0.5128288758425745,0.5679417403935019,24,49,27,36,13,54,logistic_regression,Patch + Prompt semantic,544,136,136,34
0.47058823529411764,0.4742335290280496,0.44,0.5238095238095238,0.4782608695652174,0.4823874755381604,0.5073573864925338,31,42,30,33,13,54,random_forest,Patch + Prompt semantic,544,136,136,34
0.47794117647058826,0.4756468797564688,0.4375,0.4444444444444444,0.4409448818897638,0.4857577734290063,0.49593540328201496,37,36,35,28,13,54,logistic_regression,Prompt size + Prompt semantic,544,136,136,34
0.5,0.5070667536420961,0.4691358024691358,0.6031746031746031,0.5277777777777778,0.5057621222004783,0.4597676467025294,30,43,25,38,13,54,random_forest,Prompt size + Prompt semantic,544,136,136,34
0.5,0.5059795607740813,0.46835443037974683,0.5873015873015873,0.5211267605633803,0.5205479452054794,0.5588968767252772,31,42,26,37,13,54,logistic_regression,Prompt semantic + Patch + Model,544,136,136,34
0.5514705882352942,0.5539247662535334,0.5138888888888888,0.5873015873015873,0.5481481481481482,0.5733855185909981,0.6260858877144819,38,35,26,37,13,54,random_forest,Prompt semantic + Patch + Model,544,136,136,34
0.5073529411764706,0.5106544901065448,0.47297297297297297,0.5555555555555556,0.5109489051094891,0.5151119808654055,0.5243941758247577,34,39,28,35,13,54,logistic_regression,All pre-SAST features,544,136,136,34
0.5073529411764706,0.515003261578604,0.47560975609756095,0.6190476190476191,0.5379310344827586,0.5033702978908459,0.49085952816710676,30,43,24,39,13,54,random_forest,All pre-SAST features,544,136,136,34
0.4632352941176471,0.5447047573511834,0.37254901960784315,0.8085106382978723,0.5100671140939598,0.5528328950513985,0.3728097622027534,25,64,9,38,14,55,logistic_regression,Model only,544,136,136,34
0.4632352941176471,0.5447047573511834,0.37254901960784315,0.8085106382978723,0.5100671140939598,0.5528328950513985,0.3728097622027534,25,64,9,38,14,55,random_forest,Model only,544,136,136,34
0.49264705882352944,0.5219937843652881,0.3625,0.6170212765957447,0.4566929133858268,0.6026775041836003,0.42767524113225847,38,51,18,29,14,55,logistic_regression,Prompt size only,544,136,136,34
0.4117647058823529,0.49533827396605307,0.34285714285714286,0.7659574468085106,0.47368421052631576,0.3571599330623954,0.27440961256526747,20,69,11,36,14,55,random_forest,Prompt size only,544,136,136,34
0.49264705882352944,0.4316280181687784,0.25,0.23404255319148937,0.24175824175824176,0.49569686827635673,0.3412347170864002,56,33,36,11,14,55,logistic_regression,Prompt semantic only,544,136,136,34
0.41911764705882354,0.45075304805163763,0.30952380952380953,0.5531914893617021,0.3969465648854962,0.5176906526416448,0.43878894552706593,31,58,21,26,14,55,random_forest,Prompt semantic only,544,136,136,34
0.6102941176470589,0.636983026535979,0.4594594594594595,0.723404255319149,0.5619834710743802,0.6678221372220893,0.5521926498669854,49,40,13,34,14,55,logistic_regression,Patch only,544,136,136,34
0.6029411764705882,0.5912024862538847,0.4406779661016949,0.5531914893617021,0.49056603773584906,0.5539086779823094,0.39412345822140676,56,33,21,26,14,55,random_forest,Patch only,544,136,136,34
0.5588235294117647,0.5976571838393497,0.41975308641975306,0.723404255319149,0.53125,0.6714080803251254,0.5775929370434222,42,47,13,34,14,55,logistic_regression,Patch + Model,544,136,136,34
0.5220588235294118,0.519364092756395,0.36363636363636365,0.5106382978723404,0.4247787610619469,0.5365766196509681,0.3831738896446532,47,42,23,24,14,55,random_forest,Patch + Model,544,136,136,34
0.5,0.4824288787951231,0.32786885245901637,0.425531914893617,0.37037037037037035,0.5254601960315564,0.3410908877402116,48,41,27,20,14,55,logistic_regression,Patch + Prompt semantic,544,136,136,34
0.4632352941176471,0.5145828352856802,0.35555555555555557,0.6808510638297872,0.46715328467153283,0.5352617738465216,0.38977967718484685,31,58,15,32,14,55,random_forest,Patch + Prompt semantic,544,136,136,34
0.5147058823529411,0.5087257948840544,0.35384615384615387,0.48936170212765956,0.4107142857142857,0.4762132440831939,0.3252920943641131,47,42,24,23,14,55,logistic_regression,Prompt size + Prompt semantic,544,136,136,34
0.5147058823529411,0.5990915610805643,0.40594059405940597,0.8723404255319149,0.5540540540540541,0.5327516136743964,0.42165879462881395,29,60,6,41,14,55,random_forest,Prompt size + Prompt semantic,544,136,136,34
0.5220588235294118,0.5093234520678939,0.3548387096774194,0.46808510638297873,0.4036697247706422,0.5405211570643078,0.34859630308947925,49,40,25,22,14,55,logistic_regression,Prompt semantic + Patch + Model,544,136,136,34
0.3897058823529412,0.45338273966053066,0.3163265306122449,0.6595744680851063,0.42758620689655175,0.48505857040401623,0.3424938320758977,22,67,16,31,14,55,random_forest,Prompt semantic + Patch + Model,544,136,136,34
0.5514705882352942,0.5619172842457566,0.4,0.5957446808510638,0.47863247863247865,0.541477408558451,0.35209899307937775,47,42,19,28,14,55,logistic_regression,All pre-SAST features,544,136,136,34
0.4338235294117647,0.49713124551757115,0.34375,0.7021276595744681,0.46153846153846156,0.5371742768348076,0.37445473257736717,26,63,14,33,14,55,random_forest,All pre-SAST features,544,136,136,34
0.5294117647058824,0.5295138888888888,0.5,0.53125,0.5151515151515151,0.56640625,0.5090379901960784,38,34,30,34,15,56,logistic_regression,Model only,544,136,136,34
0.5294117647058824,0.5295138888888888,0.5,0.53125,0.5151515151515151,0.56640625,0.5090379901960784,38,34,30,34,15,56,random_forest,Model only,544,136,136,34
0.47058823529411764,0.47916666666666663,0.45454545454545453,0.625,0.5263157894736842,0.43619791666666663,0.4385820089215924,24,48,24,40,15,56,logistic_regression,Prompt size only,544,136,136,34
0.4117647058823529,0.4097222222222222,0.375,0.375,0.375,0.44921875,0.41149910340911605,32,40,40,24,15,56,random_forest,Prompt size only,544,136,136,34
0.4117647058823529,0.4201388888888889,0.4090909090909091,0.5625,0.47368421052631576,0.46267361111111116,0.48912859671412307,20,52,28,36,15,56,logistic_regression,Prompt semantic only,544,136,136,34
0.5735294117647058,0.5824652777777778,0.5340909090909091,0.734375,0.618421052631579,0.6440972222222222,0.6371739784643284,31,41,17,47,15,56,random_forest,Prompt semantic only,544,136,136,34
0.625,0.625,0.5970149253731343,0.625,0.6106870229007634,0.6719835069444444,0.6225551733835791,45,27,24,40,15,56,logistic_regression,Patch only,544,136,136,34
0.5147058823529411,0.5138888888888888,0.48484848484848486,0.5,0.49230769230769234,0.5686848958333334,0.5560565762966099,38,34,32,32,15,56,random_forest,Patch only,544,136,136,34
0.5955882352941176,0.6006944444444444,0.5569620253164557,0.6875,0.6153846153846154,0.667751736111111,0.600281275036365,37,35,20,44,15,56,logistic_regression,Patch + Model,544,136,136,34
0.6029411764705882,0.6041666666666667,0.5714285714285714,0.625,0.5970149253731343,0.5785590277777777,0.5475652677118164,42,30,24,40,15,56,random_forest,Patch + Model,544,136,136,34
0.40441176470588236,0.41145833333333337,0.4,0.53125,0.4563758389261745,0.47037760416666663,0.47525184773926143,21,51,30,34,15,56,logistic_regression,Patch + Prompt semantic,544,136,136,34
0.5661764705882353,0.5763888888888888,0.5274725274725275,0.75,0.6193548387096774,0.6166449652777779,0.5868101269245363,29,43,16,48,15,56,random_forest,Patch + Prompt semantic,544,136,136,34
0.4852941176470588,0.4904513888888889,0.4625,0.578125,0.5138888888888888,0.4498697916666667,0.4641506340239986,29,43,27,37,15,56,logistic_regression,Prompt size + Prompt semantic,544,136,136,34
0.5735294117647058,0.5789930555555556,0.5375,0.671875,0.5972222222222222,0.5349392361111112,0.5510498304666728,35,37,21,43,15,56,random_forest,Prompt size + Prompt semantic,544,136,136,34
0.4338235294117647,0.44010416666666663,0.42168674698795183,0.546875,0.47619047619047616,0.4698350694444444,0.4774866747283526,24,48,29,35,15,56,logistic_regression,Prompt semantic + Patch + Model,544,136,136,34
0.5808823529411765,0.5885416666666666,0.5411764705882353,0.71875,0.6174496644295302,0.6487630208333334,0.6441217073936266,33,39,18,46,15,56,random_forest,Prompt semantic + Patch + Model,544,136,136,34
0.4852941176470588,0.48958333333333337,0.46153846153846156,0.5625,0.5070422535211268,0.4737413194444445,0.4772206973137657,30,42,28,36,15,56,logistic_regression,All pre-SAST features,544,136,136,34
0.5147058823529411,0.5182291666666666,0.4868421052631579,0.578125,0.5285714285714286,0.5639105902777777,0.5773244903090183,33,39,27,37,15,56,random_forest,All pre-SAST features,544,136,136,34
0.4852941176470588,0.5303571428571429,0.43137254901960786,0.7857142857142857,0.5569620253164557,0.5607142857142857,0.4541316526610645,22,58,12,44,16,57,logistic_regression,Model only,544,136,136,34
0.4852941176470588,0.5303571428571429,0.43137254901960786,0.7857142857142857,0.5569620253164557,0.5607142857142857,0.4541316526610645,22,58,12,44,16,57,random_forest,Model only,544,136,136,34
0.5441176470588235,0.55625,0.4605263157894737,0.625,0.5303030303030303,0.6004464285714286,0.4675146200767732,39,41,21,35,16,57,logistic_regression,Prompt size only,544,136,136,34
0.47058823529411764,0.49107142857142855,0.40476190476190477,0.6071428571428571,0.4857142857142857,0.5167410714285714,0.4071674324518857,30,50,22,34,16,57,random_forest,Prompt size only,544,136,136,34
0.6323529411764706,0.6366071428571429,0.5441176470588235,0.6607142857142857,0.5967741935483871,0.6491071428571429,0.5654573370876999,49,31,19,37,16,57,logistic_regression,Prompt semantic only,544,136,136,34
0.5294117647058824,0.5303571428571429,0.4411764705882353,0.5357142857142857,0.4838709677419355,0.6375,0.5644402616197001,42,38,26,30,16,57,random_forest,Prompt semantic only,544,136,136,34
0.6029411764705882,0.5928571428571429,0.5172413793103449,0.5357142857142857,0.5263157894736842,0.6310267857142857,0.5806493202797974,52,28,26,30,16,57,logistic_regression,Patch only,544,136,136,34
0.625,0.6410714285714285,0.5324675324675324,0.7321428571428571,0.6165413533834586,0.68359375,0.5527291839592527,44,36,15,41,16,57,random_forest,Patch only,544,136,136,34
0.5882352941176471,0.5910714285714285,0.5,0.6071428571428571,0.5483870967741935,0.6294642857142857,0.5690624882738664,46,34,22,34,16,57,logistic_regression,Patch + Model,544,136,136,34
0.6397058823529411,0.6508928571428572,0.547945205479452,0.7142857142857143,0.6201550387596899,0.6575892857142858,0.520527491190618,47,33,16,40,16,57,random_forest,Patch + Model,544,136,136,34
0.5955882352941176,0.6026785714285714,0.5070422535211268,0.6428571428571429,0.5669291338582677,0.6604910714285714,0.6373783938198064,45,35,20,36,16,57,logistic_regression,Patch + Prompt semantic,544,136,136,34
0.5588235294117647,0.5714285714285714,0.47368421052631576,0.6428571428571429,0.5454545454545454,0.6389508928571428,0.569556583741636,40,40,20,36,16,57,random_forest,Patch + Prompt semantic,544,136,136,34
0.6323529411764706,0.6473214285714286,0.5394736842105263,0.7321428571428571,0.6212121212121212,0.6658482142857143,0.5479176377009137,45,35,15,41,16,57,logistic_regression,Prompt size + Prompt semantic,544,136,136,34
0.5514705882352942,0.5598214285714285,0.4657534246575342,0.6071428571428571,0.5271317829457365,0.61328125,0.4925335817046682,41,39,22,34,16,57,random_forest,Prompt size + Prompt semantic,544,136,136,34
0.625,0.6303571428571428,0.5362318840579711,0.6607142857142857,0.592,0.6571428571428573,0.634795633033874,48,32,19,37,16,57,logistic_regression,Prompt semantic + Patch + Model,544,136,136,34
0.5735294117647058,0.5866071428571429,0.4868421052631579,0.6607142857142857,0.5606060606060606,0.6306919642857143,0.5443394625194148,41,39,19,37,16,57,random_forest,Prompt semantic + Patch + Model,544,136,136,34
0.6323529411764706,0.6446428571428571,0.5405405405405406,0.7142857142857143,0.6153846153846154,0.6714285714285715,0.6082136426108845,46,34,16,40,16,57,logistic_regression,All pre-SAST features,544,136,136,34
0.6029411764705882,0.625,0.5121951219512195,0.75,0.6086956521739131,0.6791294642857143,0.606516850378261,40,40,14,42,16,57,random_forest,All pre-SAST features,544,136,136,34
0.5073529411764706,0.5490783921829892,0.45098039215686275,0.8070175438596491,0.5786163522012578,0.5792804796802131,0.4690832473340213,23,56,11,46,17,58,logistic_regression,Model only,544,136,136,34
0.5073529411764706,0.5490783921829892,0.45098039215686275,0.8070175438596491,0.5786163522012578,0.5792804796802131,0.4690832473340213,23,56,11,46,17,58,random_forest,Model only,544,136,136,34
0.5955882352941176,0.6079280479680214,0.5131578947368421,0.6842105263157895,0.5864661654135338,0.5545192094159449,0.43503828793791943,42,37,18,39,17,58,logistic_regression,Prompt size only,544,136,136,34
0.4338235294117647,0.40761714412613814,0.2916666666666667,0.24561403508771928,0.26666666666666666,0.42560515212080835,0.36106312441651456,45,34,43,14,17,58,random_forest,Prompt size only,544,136,136,34
0.5808823529411765,0.5977126360204308,0.5,0.7017543859649122,0.583941605839416,0.5904952254052853,0.5260149964149247,39,40,17,40,17,58,logistic_regression,Prompt semantic only,544,136,136,34
0.5808823529411765,0.6270264268265601,0.5,0.9122807017543859,0.6459627329192547,0.5786142571618921,0.523860934638459,27,52,5,52,17,58,random_forest,Prompt semantic only,544,136,136,34
0.5808823529411765,0.585498556517877,0.5,0.6140350877192983,0.5511811023622047,0.5941594492560515,0.5173015522901814,44,35,22,35,17,58,logistic_regression,Patch only,544,136,136,34
0.5882352941176471,0.5869420386409061,0.5076923076923077,0.5789473684210527,0.5409836065573771,0.6025982678214523,0.5318292523130421,47,32,24,33,17,58,random_forest,Patch only,544,136,136,34
0.5514705882352942,0.565067732622696,0.47435897435897434,0.6491228070175439,0.5481481481481482,0.6155896069287141,0.5275671891686224,38,41,20,37,17,58,logistic_regression,Patch + Model,544,136,136,34
0.5441176470588235,0.5562958027981346,0.4675324675324675,0.631578947368421,0.5373134328358209,0.5942704863424384,0.5185490488449638,38,41,21,36,17,58,random_forest,Patch + Model,544,136,136,34
0.5955882352941176,0.6054852320675106,0.5135135135135135,0.6666666666666666,0.5801526717557252,0.6085942704863424,0.5199504569207125,43,36,19,38,17,58,logistic_regression,Patch + Prompt semantic,544,136,136,34
0.5294117647058824,0.5607372862536087,0.46236559139784944,0.7543859649122807,0.5733333333333334,0.593049078392183,0.5048318093746271,29,50,14,43,17,58,random_forest,Patch + Prompt semantic,544,136,136,34
0.5808823529411765,0.5806129247168554,0.5,0.5789473684210527,0.5365853658536586,0.6095936042638241,0.5173786208660254,46,33,24,33,17,58,logistic_regression,Prompt size + Prompt semantic,544,136,136,34
0.47794117647058826,0.4895625138796358,0.41025641025641024,0.5614035087719298,0.4740740740740741,0.5197646013768599,0.4585253674513138,33,46,25,32,17,58,random_forest,Prompt size + Prompt semantic,544,136,136,34
0.5808823529411765,0.5928270042194093,0.5,0.6666666666666666,0.5714285714285714,0.6186986453475462,0.5312735906837289,41,38,19,38,17,58,logistic_regression,Prompt semantic + Patch + Model,544,136,136,34
0.5514705882352942,0.5821674439262714,0.4782608695652174,0.7719298245614035,0.5906040268456376,0.6053741949811237,0.5166355526086741,31,48,13,44,17,58,random_forest,Prompt semantic + Patch + Model,544,136,136,34
0.6029411764705882,0.6069287141905396,0.5217391304347826,0.631578947368421,0.5714285714285714,0.6091494559182767,0.5098543922958595,46,33,21,36,17,58,logistic_regression,All pre-SAST features,544,136,136,34
0.5441176470588235,0.5636242504996669,0.46987951807228917,0.6842105263157895,0.5571428571428572,0.5584055074394848,0.4945451589037416,35,44,18,39,17,58,random_forest,All pre-SAST features,544,136,136,34
0.47794117647058826,0.518876304685765,0.43137254901960786,0.7719298245614035,0.5534591194968553,0.5264268265600711,0.43373753009975924,21,58,13,44,18,59,logistic_regression,Model only,544,136,136,34
0.5220588235294118,0.522651565622918,0.4411764705882353,0.5263157894736842,0.48,0.5264268265600711,0.43373753009975924,41,38,27,30,18,59,random_forest,Model only,544,136,136,34
0.49264705882352944,0.4973351099267155,0.4166666666666667,0.5263157894736842,0.46511627906976744,0.5098823006884299,0.4174945626392111,37,42,27,30,18,59,logistic_regression,Prompt size only,544,136,136,34
0.5073529411764706,0.5002220741727736,0.41935483870967744,0.45614035087719296,0.4369747899159664,0.49700199866755496,0.4112762282658645,43,36,31,26,18,59,random_forest,Prompt size only,544,136,136,34
0.4632352941176471,0.4475904952254053,0.35714285714285715,0.3508771929824561,0.35398230088495575,0.41694425938263385,0.37329060622513643,43,36,37,20,18,59,logistic_regression,Prompt semantic only,544,136,136,34
0.5367647058823529,0.527981345769487,0.45,0.47368421052631576,0.46153846153846156,0.5350877192982456,0.5315193556729197,46,33,30,27,18,59,random_forest,Prompt semantic only,544,136,136,34
0.6029411764705882,0.5727292915833888,0.5365853658536586,0.38596491228070173,0.4489795918367347,0.571063735287586,0.48641924545090887,60,19,35,22,18,59,logistic_regression,Patch only,544,136,136,34
0.5955882352941176,0.5761714412613813,0.52,0.45614035087719296,0.48598130841121495,0.5541860981567844,0.48306419155465385,55,24,31,26,18,59,random_forest,Patch only,544,136,136,34
0.5882352941176471,0.5698423273373306,0.5098039215686274,0.45614035087719296,0.48148148148148145,0.5733955141017099,0.4754722462369058,54,25,31,26,18,59,logistic_regression,Patch + Model,544,136,136,34
0.5882352941176471,0.577170775038863,0.5087719298245614,0.5087719298245614,0.5087719298245614,0.5796135909393738,0.5228214697642213,51,28,28,29,18,59,random_forest,Patch + Model,544,136,136,34
0.45588235294117646,0.4461470131023762,0.36065573770491804,0.38596491228070173,0.3728813559322034,0.4306018210082167,0.36443575162936465,40,39,35,22,18,59,logistic_regression,Patch + Prompt semantic,544,136,136,34
0.5882352941176471,0.5698423273373306,0.5098039215686274,0.45614035087719296,0.48148148148148145,0.5958250055518542,0.5059676401184992,54,25,31,26,18,59,random_forest,Patch + Prompt semantic,544,136,136,34
0.4117647058823529,0.41061514545858313,0.3333333333333333,0.40350877192982454,0.36507936507936506,0.4199422607150788,0.37081096371735967,33,46,34,23,18,59,logistic_regression,Prompt size + Prompt semantic,544,136,136,34
0.5147058823529411,0.4918942926937597,0.40816326530612246,0.3508771929824561,0.37735849056603776,0.5269820119920053,0.42090048873349584,50,29,37,20,18,59,random_forest,Prompt size + Prompt semantic,544,136,136,34
0.47058823529411764,0.46124805685098824,0.3770491803278688,0.40350877192982454,0.3898305084745763,0.4385964912280702,0.3687755281411326,41,38,34,23,18,59,logistic_regression,Prompt semantic + Patch + Model,544,136,136,34
0.6397058823529411,0.6361314679102821,0.5645161290322581,0.6140350877192983,0.5882352941176471,0.6193648678658672,0.5228028157161504,52,27,22,35,18,59,random_forest,Prompt semantic + Patch + Model,544,136,136,34
0.41911764705882354,0.4169442593826338,0.3382352941176471,0.40350877192982454,0.368,0.4312680435265379,0.3618838158398808,34,45,34,23,18,59,logistic_regression,All pre-SAST features,544,136,136,34
0.5367647058823529,0.5255385298689762,0.4482758620689655,0.45614035087719296,0.45217391304347826,0.533311125916056,0.44628659047514,47,32,31,26,18,59,random_forest,All pre-SAST features,544,136,136,34
0.4411764705882353,0.5,0.38235294117647056,0.75,0.5064935064935064,0.5155677655677655,0.39394796380090497,21,63,13,39,19,60,logistic_regression,Model only,544,136,136,34
0.4411764705882353,0.5,0.38235294117647056,0.75,0.5064935064935064,0.5155677655677655,0.39394796380090497,21,63,13,39,19,60,random_forest,Model only,544,136,136,34
0.5073529411764706,0.49496336996337,0.3770491803278688,0.4423076923076923,0.40707964601769914,0.6339285714285714,0.4683775746982588,46,38,29,23,19,60,logistic_regression,Prompt size only,544,136,136,34
0.41911764705882354,0.3978937728937729,0.2711864406779661,0.3076923076923077,0.2882882882882883,0.43543956043956045,0.39720709680879657,41,43,36,16,19,60,random_forest,Prompt size only,544,136,136,34
0.5882352941176471,0.5787545787545787,0.4666666666666667,0.5384615384615384,0.5,0.5622710622710623,0.4231552198296002,52,32,24,28,19,60,logistic_regression,Prompt semantic only,544,136,136,34
0.6029411764705882,0.5943223443223443,0.48333333333333334,0.5576923076923077,0.5178571428571429,0.6913919413919414,0.53832977522993,53,31,23,29,19,60,random_forest,Prompt semantic only,544,136,136,34
0.5882352941176471,0.5567765567765568,0.4583333333333333,0.4230769230769231,0.44,0.571771978021978,0.4704564732847558,58,26,30,22,19,60,logistic_regression,Patch only,544,136,136,34
0.5882352941176471,0.5567765567765568,0.4583333333333333,0.4230769230769231,0.44,0.5995879120879122,0.5246312907767069,58,26,30,22,19,60,random_forest,Patch only,544,136,136,34
0.5882352941176471,0.5824175824175823,0.46774193548387094,0.5576923076923077,0.5087719298245614,0.5755494505494505,0.48647780939971713,51,33,23,29,19,60,logistic_regression,Patch + Model,544,136,136,34
0.5735294117647058,0.5595238095238095,0.4482758620689655,0.5,0.4727272727272727,0.600503663003663,0.5563026045680806,52,32,26,26,19,60,random_forest,Patch + Model,544,136,136,34
0.5367647058823529,0.5260989010989011,0.4098360655737705,0.4807692307692308,0.4424778761061947,0.5723443223443223,0.4302037254536579,48,36,27,25,19,60,logistic_regression,Patch + Prompt semantic,544,136,136,34
0.6911764705882353,0.6877289377289377,0.5833333333333334,0.6730769230769231,0.625,0.7593864468864469,0.613878275477304,59,25,17,35,19,60,random_forest,Patch + Prompt semantic,544,136,136,34
0.5955882352941176,0.5883699633699634,0.47540983606557374,0.5576923076923077,0.5132743362831859,0.5865384615384616,0.42111601885645966,52,32,23,29,19,60,logistic_regression,Prompt size + Prompt semantic,544,136,136,34
0.6470588235294118,0.6336996336996337,0.5357142857142857,0.5769230769230769,0.5555555555555556,0.652014652014652,0.4884267285560551,58,26,22,30,19,60,random_forest,Prompt size + Prompt semantic,544,136,136,34
0.5441176470588235,0.5357142857142857,0.41935483870967744,0.5,0.45614035087719296,0.5728021978021978,0.42945151217254396,48,36,26,26,19,60,logistic_regression,Prompt semantic + Patch + Model,544,136,136,34
0.6691176470588235,0.6588827838827839,0.5614035087719298,0.6153846153846154,0.5871559633027523,0.7456501831501832,0.6133023802650688,59,25,20,32,19,60,random_forest,Prompt semantic + Patch + Model,544,136,136,34
0.5808823529411765,0.5691391941391941,0.4576271186440678,0.5192307692307693,0.4864864864864865,0.5885989010989011,0.41783288557707143,52,32,25,27,19,60,logistic_regression,All pre-SAST features,544,136,136,34
0.6323529411764706,0.6181318681318682,0.5178571428571429,0.5576923076923077,0.5370370370370371,0.6884157509157509,0.551804524629865,57,27,23,29,19,60,random_forest,All pre-SAST features,544,136,136,34
0.5955882352941176,0.5352941176470588,0.6470588235294118,0.7764705882352941,0.7058823529411765,0.5509803921568628,0.6538927335640139,15,36,19,66,20,61,logistic_regression,Model only,544,136,136,34
0.5955882352941176,0.5352941176470588,0.6470588235294118,0.7764705882352941,0.7058823529411765,0.5509803921568628,0.6538927335640139,15,36,19,66,20,61,random_forest,Model only,544,136,136,34
0.47058823529411764,0.49019607843137253,0.6140350877192983,0.4117647058823529,0.49295774647887325,0.5660899653979239,0.6633792789744789,29,22,50,35,20,61,logistic_regression,Prompt size only,544,136,136,34
0.39705882352941174,0.4549019607843137,0.5428571428571428,0.2235294117647059,0.31666666666666665,0.5341407151095732,0.6757034416561313,35,16,66,19,20,61,random_forest,Prompt size only,544,136,136,34
0.4632352941176471,0.4450980392156863,0.5789473684210527,0.5176470588235295,0.546583850931677,0.4284890426758939,0.5992437090792491,19,32,41,44,20,61,logistic_regression,Prompt semantic only,544,136,136,34
0.41911764705882354,0.4607843137254902,0.5681818181818182,0.29411764705882354,0.3875968992248062,0.4423298731257209,0.6147364173016032,32,19,60,25,20,61,random_forest,Prompt semantic only,544,136,136,34
0.5,0.5176470588235295,0.6440677966101694,0.4470588235294118,0.5277777777777778,0.5959630911188005,0.7321378769971079,30,21,47,38,20,61,logistic_regression,Patch only,544,136,136,34
0.5661764705882353,0.5823529411764706,0.7096774193548387,0.5176470588235295,0.5986394557823129,0.609919261822376,0.7342877288282974,33,18,41,44,20,61,random_forest,Patch only,544,136,136,34
0.5588235294117647,0.5686274509803921,0.6923076923076923,0.5294117647058824,0.6,0.6013840830449826,0.7391677394456793,31,20,40,45,20,61,logistic_regression,Patch + Model,544,136,136,34
0.5735294117647058,0.580392156862745,0.7014925373134329,0.5529411764705883,0.618421052631579,0.6145328719723183,0.7549874579660251,31,20,38,47,20,61,random_forest,Patch + Model,544,136,136,34
0.4852941176470588,0.4666666666666667,0.5974025974025974,0.5411764705882353,0.5679012345679012,0.4275663206459054,0.5895511803878168,20,31,39,46,20,61,logistic_regression,Patch + Prompt semantic,544,136,136,34
0.4632352941176471,0.4725490196078431,0.5967741935483871,0.43529411764705883,0.5034013605442177,0.44348327566320644,0.6056353525463131,26,25,48,37,20,61,random_forest,Patch + Prompt semantic,544,136,136,34
0.47794117647058826,0.4607843137254902,0.5921052631578947,0.5294117647058824,0.5590062111801242,0.44567474048442907,0.602287266791489,20,31,40,45,20,61,logistic_regression,Prompt size + Prompt semantic,544,136,136,34
0.375,0.39019607843137255,0.5,0.32941176470588235,0.3971631205673759,0.4379469434832756,0.625793919612766,23,28,57,28,20,61,random_forest,Prompt size + Prompt semantic,544,136,136,34
0.47794117647058826,0.4607843137254902,0.5921052631578947,0.5294117647058824,0.5590062111801242,0.4445213379469435,0.5963275434399149,20,31,40,45,20,61,logistic_regression,Prompt semantic + Patch + Model,544,136,136,34
0.45588235294117646,0.4666666666666667,0.5901639344262295,0.4235294117647059,0.4931506849315068,0.4378316032295271,0.6086204710703964,26,25,49,36,20,61,random_forest,Prompt semantic + Patch + Model,544,136,136,34
0.5073529411764706,0.5,0.625,0.5294117647058824,0.5732484076433121,0.4659746251441753,0.60892569700246,24,27,40,45,20,61,logistic_regression,All pre-SAST features,544,136,136,34
0.4852941176470588,0.5215686274509803,0.6530612244897959,0.3764705882352941,0.47761194029850745,0.5245674740484428,0.6287595672172859,34,17,53,32,20,61,random_forest,All pre-SAST features,544,136,136,34
0.5367647058823529,0.5374202069117323,0.47058823529411764,0.5423728813559322,0.5039370078740157,0.563614351749945,0.46718178796942506,41,36,27,32,21,62,logistic_regression,Model only,544,136,136,34
0.5367647058823529,0.5374202069117323,0.47058823529411764,0.5423728813559322,0.5039370078740157,0.563614351749945,0.46718178796942506,41,36,27,32,21,62,random_forest,Model only,544,136,136,34
0.5808823529411765,0.5942108738718909,0.5125,0.6949152542372882,0.5899280575539568,0.63086066475897,0.5277850481866948,38,39,18,41,21,62,logistic_regression,Prompt size only,544,136,136,34
0.4852941176470588,0.4761171032357473,0.4067796610169492,0.4067796610169492,0.4067796610169492,0.5257539071098394,0.42268664040511034,42,35,35,24,21,62,random_forest,Prompt size only,544,136,136,34
0.5808823529411765,0.6021351529826106,0.5113636363636364,0.7627118644067796,0.6122448979591837,0.5497468633061854,0.45695714936847,34,43,14,45,21,62,logistic_regression,Prompt semantic only,544,136,136,34
0.625,0.6351529826106097,0.5526315789473685,0.711864406779661,0.6222222222222222,0.6518820162887959,0.5942130582424096,43,34,17,42,21,62,random_forest,Prompt semantic only,544,136,136,34
0.5588235294117647,0.548976447281532,0.49122807017543857,0.4745762711864407,0.4827586206896552,0.5954215276249175,0.5301857554895261,48,29,31,28,21,62,logistic_regression,Patch only,544,136,136,34
0.5147058823529411,0.5040721989874533,0.43859649122807015,0.423728813559322,0.43103448275862066,0.5073739819502532,0.46263177674857503,45,32,34,25,21,62,random_forest,Patch only,544,136,136,34
0.49264705882352944,0.49053488883997354,0.42424242424242425,0.4745762711864407,0.448,0.5959718247853841,0.524730837970361,39,38,31,28,21,62,logistic_regression,Patch + Model,544,136,136,34
0.5735294117647058,0.5659255998239049,0.5084745762711864,0.5084745762711864,0.5084745762711864,0.5517279330838653,0.5333379057492562,48,29,29,30,21,62,random_forest,Patch + Model,544,136,136,34
0.5514705882352942,0.5682368478978649,0.4880952380952381,0.6949152542372882,0.5734265734265734,0.5707682148360115,0.5419723657531905,34,43,18,41,21,62,logistic_regression,Patch + Prompt semantic,544,136,136,34
0.6397058823529411,0.638234646709223,0.578125,0.6271186440677966,0.6016260162601627,0.6519920757208892,0.6160194175743721,50,27,22,37,21,62,random_forest,Patch + Prompt semantic,544,136,136,34
0.6102941176470589,0.6201848998459167,0.5394736842105263,0.6949152542372882,0.6074074074074074,0.5841954655513977,0.4715988061862965,42,35,18,41,21,62,logistic_regression,Prompt size + Prompt semantic,544,136,136,34
0.6323529411764706,0.6277790006603565,0.5737704918032787,0.5932203389830508,0.5833333333333334,0.7053709002861545,0.6275595133927117,51,26,24,35,21,62,random_forest,Prompt size + Prompt semantic,544,136,136,34
0.5808823529411765,0.5961919436495707,0.5121951219512195,0.711864406779661,0.5957446808510638,0.5723090468853181,0.5400657863684195,37,40,17,42,21,62,logistic_regression,Prompt semantic + Patch + Model,544,136,136,34
0.5661764705882353,0.5653753026634383,0.5,0.559322033898305,0.528,0.6458287475236628,0.6052778278538347,44,33,26,33,21,62,random_forest,Prompt semantic + Patch + Model,544,136,136,34
0.5661764705882353,0.573299581774158,0.5,0.6271186440677966,0.556390977443609,0.6070878274268106,0.566068759153897,40,37,22,37,21,62,logistic_regression,All pre-SAST features,544,136,136,34
0.625,0.6212854941668501,0.5645161290322581,0.5932203389830508,0.5785123966942148,0.6854501430772617,0.6344122298842132,50,27,24,35,21,62,random_forest,All pre-SAST features,544,136,136,34
0.5073529411764706,0.5110317975340688,0.5,0.7611940298507462,0.6035502958579881,0.5110317975340688,0.49824407374890256,18,51,16,51,22,63,logistic_regression,Model only,544,136,136,34
0.5073529411764706,0.5073545316893793,0.5,0.5074626865671642,0.5037037037037037,0.5110317975340688,0.49824407374890256,35,34,33,34,22,63,random_forest,Model only,544,136,136,34
0.5367647058823529,0.5359074194246161,0.5333333333333333,0.47761194029850745,0.5039370078740157,0.5790612156608262,0.5745092947847498,41,28,35,32,22,63,logistic_regression,Prompt size only,544,136,136,34
0.5735294117647058,0.5734371620160069,0.5671641791044776,0.5671641791044776,0.5671641791044776,0.63595068137573,0.6025530931659283,40,29,29,38,22,63,random_forest,Prompt size only,544,136,136,34
0.6397058823529411,0.6371403850313649,0.7045454545454546,0.4626865671641791,0.5585585585585585,0.7080899848583171,0.7010704279156069,56,13,36,31,22,63,logistic_regression,Prompt semantic only,544,136,136,34
0.5514705882352942,0.5510491023145143,0.546875,0.5223880597014925,0.5343511450381679,0.6362751460090851,0.641922155698123,40,29,32,35,22,63,random_forest,Prompt semantic only,544,136,136,34
0.5073529411764706,0.5060566731559593,0.5,0.417910447761194,0.45528455284552843,0.490266060999351,0.5268294770682551,41,28,39,28,22,63,logistic_regression,Patch only,544,136,136,34
0.5147058823529411,0.5135193597231235,0.5087719298245614,0.43283582089552236,0.46774193548387094,0.5292018170019468,0.5125957989035089,41,28,38,29,22,63,random_forest,Patch only,544,136,136,34
0.49264705882352944,0.49264546831062084,0.4852941176470588,0.4925373134328358,0.4888888888888889,0.49329439757733073,0.524193608416524,34,35,34,33,22,63,logistic_regression,Patch + Model,544,136,136,34
0.5294117647058824,0.5280121133463119,0.5272727272727272,0.43283582089552236,0.47540983606557374,0.5493186242699546,0.5555065263446373,43,26,38,29,22,63,random_forest,Patch + Model,544,136,136,34
0.5735294117647058,0.5704088254380273,0.6153846153846154,0.3582089552238806,0.4528301886792453,0.6415747350205494,0.6720570176770333,54,15,43,24,22,63,logistic_regression,Patch + Prompt semantic,544,136,136,34
0.5514705882352942,0.5510491023145143,0.546875,0.5223880597014925,0.5343511450381679,0.6019900497512438,0.602648107599338,40,29,32,35,22,63,random_forest,Patch + Prompt semantic,544,136,136,34
0.5661764705882353,0.563378758382003,0.5952380952380952,0.373134328358209,0.45871559633027525,0.7060350421804024,0.6749321463175414,52,17,42,25,22,63,logistic_regression,Prompt size + Prompt semantic,544,136,136,34
0.6470588235294118,0.6463335496430889,0.6557377049180327,0.5970149253731343,0.625,0.6374648496647198,0.6178907949125455,48,21,27,40,22,63,random_forest,Prompt size + Prompt semantic,544,136,136,34
0.5808823529411765,0.5776552022496214,0.631578947368421,0.3582089552238806,0.45714285714285713,0.6409258057538395,0.6640151108309539,55,14,43,24,22,63,logistic_regression,Prompt semantic + Patch + Model,544,136,136,34
0.5,0.49924291585550507,0.4918032786885246,0.44776119402985076,0.46875,0.5521306510923643,0.5708925759476748,38,31,37,30,22,63,random_forest,Prompt semantic + Patch + Model,544,136,136,34
0.5661764705882353,0.563811377893143,0.5869565217391305,0.40298507462686567,0.4778761061946903,0.6781310837118754,0.6787167399430072,50,19,40,27,22,63,logistic_regression,All pre-SAST features,544,136,136,34
0.6764705882352942,0.6759679861561756,0.6825396825396826,0.6417910447761194,0.6615384615384615,0.6778066190785205,0.6617021777544778,49,20,24,43,22,63,random_forest,All pre-SAST features,544,136,136,34
0.5220588235294118,0.5331527627302275,0.5,0.7846153846153846,0.6107784431137725,0.5478873239436619,0.5072398190045249,20,51,14,51,23,64,logistic_regression,Model only,544,136,136,34
0.5220588235294118,0.5331527627302275,0.5,0.7846153846153846,0.6107784431137725,0.5478873239436619,0.5072398190045249,20,51,14,51,23,64,random_forest,Model only,544,136,136,34
0.6838235294117647,0.6854821235102926,0.6527777777777778,0.7230769230769231,0.6861313868613139,0.7206933911159263,0.6366075080544598,46,25,18,47,23,64,logistic_regression,Prompt size only,544,136,136,34
0.45588235294117646,0.44637053087757317,0.38461538461538464,0.23076923076923078,0.28846153846153844,0.5563380281690141,0.522844128485275,47,24,50,15,23,64,random_forest,Prompt size only,544,136,136,34
0.5808823529411765,0.5823401950162514,0.5555555555555556,0.6153846153846154,0.583941605839416,0.5673889490790899,0.5590434939433718,39,32,25,40,23,64,logistic_regression,Prompt semantic only,544,136,136,34
0.5808823529411765,0.5810400866738895,0.5588235294117647,0.5846153846153846,0.5714285714285714,0.6963163596966414,0.6817997178982375,41,30,27,38,23,64,random_forest,Prompt semantic only,544,136,136,34
0.5661764705882353,0.5676056338028168,0.5416666666666666,0.6,0.5693430656934306,0.5743228602383533,0.5577290663065575,38,33,26,39,23,64,logistic_regression,Patch only,544,136,136,34
0.4485294117647059,0.4438786565547129,0.4074074074074074,0.3384615384615385,0.3697478991596639,0.4629469122426869,0.4829963900517727,39,32,43,22,23,64,random_forest,Patch only,544,136,136,34
0.5808823529411765,0.5849404117009751,0.55,0.676923076923077,0.6068965517241379,0.5783315276273023,0.5497560416511311,35,36,21,44,23,64,logistic_regression,Patch + Model,544,136,136,34
0.5220588235294118,0.5208017334777899,0.5,0.49230769230769234,0.49612403100775193,0.46912242686890576,0.48292172886530965,39,32,33,32,23,64,random_forest,Patch + Model,544,136,136,34
0.5147058823529411,0.5163596966413868,0.4931506849315068,0.5538461538461539,0.5217391304347826,0.576923076923077,0.5675265043525972,34,37,29,36,23,64,logistic_regression,Patch + Prompt semantic,544,136,136,34
0.5367647058823529,0.5348862405200434,0.5161290322580645,0.49230769230769234,0.5039370078740157,0.6590465872156013,0.6428407464585562,41,30,33,32,23,64,random_forest,Patch + Prompt semantic,544,136,136,34
0.5882352941176471,0.5900325027085591,0.5616438356164384,0.6307692307692307,0.5942028985507246,0.5989165763813651,0.5614672000996033,39,32,24,41,23,64,logistic_regression,Prompt size + Prompt semantic,544,136,136,34
0.5735294117647058,0.571397616468039,0.5573770491803278,0.5230769230769231,0.5396825396825397,0.6548212351029252,0.5947013633816716,44,27,31,34,23,64,random_forest,Prompt size + Prompt semantic,544,136,136,34
0.5220588235294118,0.5227518959913326,0.5,0.5384615384615384,0.5185185185185185,0.5809317443120261,0.5711497855960875,36,35,30,35,23,64,logistic_regression,Prompt semantic + Patch + Model,544,136,136,34
0.6176470588235294,0.6162513542795234,0.6031746031746031,0.5846153846153846,0.59375,0.6509209100758396,0.6165474646117484,46,25,27,38,23,64,random_forest,Prompt semantic + Patch + Model,544,136,136,34
0.5808823529411765,0.5816901408450704,0.5571428571428572,0.6,0.5777777777777777,0.6162513542795233,0.5649426459003782,40,31,26,39,23,64,logistic_regression,All pre-SAST features,544,136,136,34
0.625,0.623943661971831,0.609375,0.6,0.6046511627906976,0.690249187432286,0.6215383639302536,46,25,26,39,23,64,random_forest,All pre-SAST features,544,136,136,34
0.4411764705882353,0.5079069767441861,0.37254901960784315,0.76,0.5,0.5316279069767442,0.38872549019607844,22,64,12,38,24,65,logistic_regression,Model only,544,136,136,34
0.4411764705882353,0.5079069767441861,0.37254901960784315,0.76,0.5,0.5316279069767442,0.38872549019607844,22,64,12,38,24,65,random_forest,Model only,544,136,136,34
0.6764705882352942,0.6730232558139535,0.55,0.66,0.6,0.6830232558139535,0.5036747267274791,59,27,17,33,24,65,logistic_regression,Prompt size only,544,136,136,34
0.4117647058823529,0.41767441860465115,0.2972972972972973,0.44,0.3548387096774194,0.5183720930232558,0.38905365766385336,34,52,28,22,24,65,random_forest,Prompt size only,544,136,136,34
0.4852941176470588,0.45069767441860464,0.3076923076923077,0.32,0.3137254901960784,0.43488372093023264,0.3490654010331675,50,36,34,16,24,65,logistic_regression,Prompt semantic only,544,136,136,34
0.5294117647058824,0.5232558139534884,0.390625,0.5,0.43859649122807015,0.5958139534883721,0.4465668701271659,47,39,25,25,24,65,random_forest,Prompt semantic only,544,136,136,34
0.5808823529411765,0.5681395348837209,0.4406779661016949,0.52,0.47706422018348627,0.6009302325581396,0.47664787200072933,53,33,24,26,24,65,logistic_regression,Patch only,544,136,136,34
0.5588235294117647,0.5172093023255814,0.391304347826087,0.36,0.375,0.5709302325581396,0.43782341177790146,58,28,32,18,24,65,random_forest,Patch only,544,136,136,34
0.5367647058823529,0.5583720930232559,0.4155844155844156,0.64,0.5039370078740157,0.5877906976744186,0.46516166251193514,41,45,18,32,24,65,logistic_regression,Patch + Model,544,136,136,34
0.5808823529411765,0.5681395348837209,0.4406779661016949,0.52,0.47706422018348627,0.568953488372093,0.4300859620077179,53,33,24,26,24,65,random_forest,Patch + Model,544,136,136,34
0.47794117647058826,0.44488372093023254,0.3018867924528302,0.32,0.3106796116504854,0.44720930232558137,0.34385193069044984,49,37,34,16,24,65,logistic_regression,Patch + Prompt semantic,544,136,136,34
0.47058823529411764,0.4976744186046511,0.36585365853658536,0.6,0.45454545454545453,0.503953488372093,0.35865543989437043,34,52,20,30,24,65,random_forest,Patch + Prompt semantic,544,136,136,34
0.4632352941176471,0.4206976744186047,0.2653061224489796,0.26,0.26262626262626265,0.49232558139534893,0.3616666283175917,50,36,37,13,24,65,logistic_regression,Prompt size + Prompt semantic,544,136,136,34
0.5367647058823529,0.5751162790697675,0.4235294117647059,0.72,0.5333333333333333,0.5519767441860466,0.3844036550481814,37,49,14,36,24,65,random_forest,Prompt size + Prompt semantic,544,136,136,34
0.4852941176470588,0.45069767441860464,0.3076923076923077,0.32,0.3137254901960784,0.4509302325581396,0.3457670684209209,50,36,34,16,24,65,logistic_regression,Prompt semantic + Patch + Model,544,136,136,34
0.5147058823529411,0.5116279069767442,0.3787878787878788,0.5,0.43103448275862066,0.5348837209302325,0.3794106824789078,45,41,25,25,24,65,random_forest,Prompt semantic + Patch + Model,544,136,136,34
0.47794117647058826,0.4323255813953488,0.2765957446808511,0.26,0.26804123711340205,0.49860465116279074,0.3533357812707647,52,34,37,13,24,65,logistic_regression,All pre-SAST features,544,136,136,34
0.5073529411764706,0.5225581395348837,0.38666666666666666,0.58,0.464,0.573953488372093,0.44551010119119805,40,46,21,29,24,65,random_forest,All pre-SAST features,544,136,136,34
0.47794117647058826,0.5112260620735196,0.4411764705882353,0.7627118644067796,0.5590062111801242,0.5112260620735196,0.439431704885344,20,57,14,45,25,66,logistic_regression,Model only,544,136,136,34
0.47794117647058826,0.5112260620735196,0.4411764705882353,0.7627118644067796,0.5590062111801242,0.5112260620735196,0.439431704885344,20,57,14,45,25,66,random_forest,Model only,544,136,136,34
0.5808823529411765,0.5902487343165309,0.5131578947368421,0.6610169491525424,0.5777777777777777,0.5800132071318512,0.5379133327602448,40,37,20,39,25,66,logistic_regression,Prompt size only,544,136,136,34
0.5441176470588235,0.5399515738498789,0.47619047619047616,0.5084745762711864,0.4918032786885246,0.5710983931322915,0.5143645544168444,44,33,29,30,25,66,random_forest,Prompt size only,544,136,136,34
0.5073529411764706,0.5233325996037861,0.4523809523809524,0.6440677966101694,0.5314685314685315,0.5506273387629319,0.6194635156501976,31,46,21,38,25,66,logistic_regression,Prompt semantic only,544,136,136,34
0.49264705882352944,0.4885538190622936,0.421875,0.4576271186440678,0.43902439024390244,0.6140215716486903,0.5334079279765904,40,37,32,27,25,66,random_forest,Prompt semantic only,544,136,136,34
0.6470588235294118,0.6447281532027295,0.5873015873015873,0.6271186440677966,0.6065573770491803,0.6425269645608628,0.6116179739696823,51,26,22,37,25,66,logistic_regression,Patch only,544,136,136,34
0.6176470588235294,0.6088487783403038,0.5614035087719298,0.5423728813559322,0.5517241379310345,0.6528725511776359,0.5933885673488664,52,25,27,32,25,66,random_forest,Patch only,544,136,136,34
0.5441176470588235,0.5478758529605987,0.4788732394366197,0.576271186440678,0.5230769230769231,0.6076381245872771,0.5778365088123028,40,37,25,34,25,66,logistic_regression,Patch + Model,544,136,136,34
0.5955882352941176,0.5913493286374643,0.532258064516129,0.559322033898305,0.5454545454545454,0.6322914373761831,0.5716487452174664,48,29,26,33,25,66,random_forest,Patch + Model,544,136,136,34
0.4852941176470588,0.4899845916795069,0.4246575342465753,0.5254237288135594,0.4696969696969697,0.5554699537750385,0.6304132407225413,35,42,28,31,25,66,logistic_regression,Patch + Prompt semantic,544,136,136,34
0.5294117647058824,0.5150781421967863,0.4528301886792453,0.4067796610169492,0.42857142857142855,0.6080783623156505,0.560165358599644,48,29,35,24,25,66,random_forest,Patch + Prompt semantic,544,136,136,34
0.47794117647058826,0.4894342945190403,0.425,0.576271186440678,0.4892086330935252,0.5659255998239049,0.6254364668796623,31,46,25,34,25,66,logistic_regression,Prompt size + Prompt semantic,544,136,136,34
0.5073529411764706,0.5114461809377063,0.4444444444444444,0.5423728813559322,0.48854961832061067,0.6082984811798371,0.5639097479578181,37,40,27,32,25,66,random_forest,Prompt size + Prompt semantic,544,136,136,34
0.5,0.5049526744441999,0.4383561643835616,0.5423728813559322,0.48484848484848486,0.552278230244332,0.6375225412892938,36,41,27,32,25,66,logistic_regression,Prompt semantic + Patch + Model,544,136,136,34
0.5147058823529411,0.5060532687651331,0.4406779661016949,0.4406779661016949,0.4406779661016949,0.6315210213515298,0.5456753367445966,44,33,33,26,25,66,random_forest,Prompt semantic + Patch + Model,544,136,136,34
0.5147058823529411,0.5179396874312129,0.4507042253521127,0.5423728813559322,0.49230769230769234,0.5679066696015849,0.6438602039716284,38,39,27,32,25,66,logistic_regression,All pre-SAST features,544,136,136,34
0.6470588235294118,0.6467092229804094,0.5846153846153846,0.6440677966101694,0.6129032258064516,0.6658595641646489,0.6294948825893107,50,27,21,38,25,66,random_forest,All pre-SAST features,544,136,136,34
0.5294117647058824,0.5147569444444444,0.5392156862745098,0.7638888888888888,0.632183908045977,0.5221354166666666,0.5433006535947712,17,47,17,55,26,67,logistic_regression,Model only,544,136,136,34
0.5294117647058824,0.5147569444444444,0.5392156862745098,0.7638888888888888,0.632183908045977,0.5221354166666666,0.5433006535947712,17,47,17,55,26,67,random_forest,Model only,544,136,136,34
0.5735294117647058,0.5668402777777778,0.5833333333333334,0.6805555555555556,0.6282051282051282,0.6657986111111112,0.6794913538994064,29,35,23,49,26,67,logistic_regression,Prompt size only,544,136,136,34
0.5367647058823529,0.53125,0.5555555555555556,0.625,0.5882352941176471,0.5845269097222221,0.6104181466818702,28,36,27,45,26,67,random_forest,Prompt size only,544,136,136,34
0.5294117647058824,0.5173611111111112,0.5416666666666666,0.7222222222222222,0.6190476190476191,0.4340277777777778,0.49491637628829577,20,44,20,52,26,67,logistic_regression,Prompt semantic only,544,136,136,34
0.5882352941176471,0.5833333333333333,0.6,0.6666666666666666,0.631578947368421,0.6111111111111112,0.6797243820253533,32,32,24,48,26,67,random_forest,Prompt semantic only,544,136,136,34
0.5367647058823529,0.5399305555555556,0.5737704918032787,0.4861111111111111,0.5263157894736842,0.5251736111111112,0.5520680228800068,38,26,37,35,26,67,logistic_regression,Patch only,544,136,136,34
0.5441176470588235,0.5460069444444444,0.578125,0.5138888888888888,0.5441176470588235,0.5667317708333333,0.5692499637568343,37,27,35,37,26,67,random_forest,Patch only,544,136,136,34
0.5220588235294118,0.5225694444444444,0.5522388059701493,0.5138888888888888,0.5323741007194245,0.5237630208333333,0.5400655403626455,34,30,35,37,26,67,logistic_regression,Patch + Model,544,136,136,34
0.5294117647058824,0.53125,0.5625,0.5,0.5294117647058824,0.6082899305555556,0.6433151258356169,36,28,36,36,26,67,random_forest,Patch + Model,544,136,136,34
0.4485294117647059,0.4340277777777778,0.48514851485148514,0.6805555555555556,0.5664739884393064,0.44357638888888895,0.532033458177151,12,52,23,49,26,67,logistic_regression,Patch + Prompt semantic,544,136,136,34
0.5220588235294118,0.5147569444444444,0.5411764705882353,0.6388888888888888,0.5859872611464968,0.5682508680555555,0.599590068428726,25,39,26,46,26,67,random_forest,Patch + Prompt semantic,544,136,136,34
0.5514705882352942,0.5407986111111112,0.5591397849462365,0.7222222222222222,0.6303030303030303,0.5125868055555556,0.5656362317467191,23,41,20,52,26,67,logistic_regression,Prompt size + Prompt semantic,544,136,136,34
0.5808823529411765,0.5729166666666667,0.5862068965517241,0.7083333333333334,0.6415094339622641,0.6055772569444444,0.6664803525153031,28,36,21,51,26,67,random_forest,Prompt size + Prompt semantic,544,136,136,34
0.49264705882352944,0.4791666666666667,0.5151515151515151,0.7083333333333334,0.5964912280701754,0.4513888888888889,0.5281094567732252,16,48,21,51,26,67,logistic_regression,Prompt semantic + Patch + Model,544,136,136,34
0.5441176470588235,0.5373263888888888,0.5595238095238095,0.6527777777777778,0.6025641025641025,0.5563151041666666,0.604501233889905,27,37,25,47,26,67,random_forest,Prompt semantic + Patch + Model,544,136,136,34
0.5367647058823529,0.5269097222222222,0.5494505494505495,0.6944444444444444,0.6134969325153374,0.517578125,0.5914110281954419,23,41,22,50,26,67,logistic_regression,All pre-SAST features,544,136,136,34
0.5735294117647058,0.5694444444444444,0.5897435897435898,0.6388888888888888,0.6133333333333333,0.6068793402777777,0.6033295370011181,32,32,26,46,26,67,random_forest,All pre-SAST features,544,136,136,34
0.5588235294117647,0.5588744588744589,0.5441176470588235,0.5606060606060606,0.5522388059701493,0.580952380952381,0.533868092691622,39,31,29,37,27,68,logistic_regression,Model only,544,136,136,34
0.5588235294117647,0.5588744588744589,0.5441176470588235,0.5606060606060606,0.5522388059701493,0.580952380952381,0.533868092691622,39,31,29,37,27,68,random_forest,Model only,544,136,136,34
0.6764705882352942,0.6766233766233766,0.6617647058823529,0.6818181818181818,0.6716417910447762,0.7129870129870131,0.6550133845951293,47,23,21,45,27,68,logistic_regression,Prompt size only,544,136,136,34
0.5367647058823529,0.533982683982684,0.5272727272727272,0.4393939393939394,0.4793388429752066,0.5951298701298702,0.5249512270328518,44,26,37,29,27,68,random_forest,Prompt size only,544,136,136,34
0.6323529411764706,0.6298701298701299,0.6428571428571429,0.5454545454545454,0.5901639344262295,0.6731601731601732,0.6656441743027061,50,20,30,36,27,68,logistic_regression,Prompt semantic only,544,136,136,34
0.5882352941176471,0.5874458874458874,0.578125,0.5606060606060606,0.5692307692307692,0.6116883116883116,0.5961772569203789,43,27,29,37,27,68,random_forest,Prompt semantic only,544,136,136,34
0.6323529411764706,0.6324675324675324,0.6176470588235294,0.6363636363636364,0.6268656716417911,0.6127705627705627,0.5698440947033158,44,26,24,42,27,68,logistic_regression,Patch only,544,136,136,34
0.6029411764705882,0.6017316017316017,0.5967741935483871,0.5606060606060606,0.578125,0.6495670995670995,0.6195325806828197,45,25,29,37,27,68,random_forest,Patch only,544,136,136,34
0.5882352941176471,0.5878787878787879,0.5757575757575758,0.5757575757575758,0.5757575757575758,0.6173160173160174,0.5634151283411316,42,28,28,38,27,68,logistic_regression,Patch + Model,544,136,136,34
0.5735294117647058,0.5718614718614718,0.5666666666666667,0.5151515151515151,0.5396825396825397,0.6192640692640692,0.6174126695032992,44,26,32,34,27,68,random_forest,Patch + Model,544,136,136,34
0.5514705882352942,0.55,0.5409836065573771,0.5,0.5196850393700787,0.6448051948051948,0.6098044591131926,42,28,33,33,27,68,logistic_regression,Patch + Prompt semantic,544,136,136,34
0.5147058823529411,0.5121212121212121,0.5,0.42424242424242425,0.45901639344262296,0.6461038961038961,0.6303730716974624,42,28,38,28,27,68,random_forest,Patch + Prompt semantic,544,136,136,34
0.7352941176470589,0.7316017316017316,0.8,0.6060606060606061,0.6896551724137931,0.7510822510822511,0.7327221345765461,60,10,26,40,27,68,logistic_regression,Prompt size + Prompt semantic,544,136,136,34
0.6029411764705882,0.5991341991341992,0.62,0.4696969696969697,0.5344827586206896,0.7326839826839827,0.6949452455991729,51,19,35,31,27,68,random_forest,Prompt size + Prompt semantic,544,136,136,34
0.5735294117647058,0.5718614718614718,0.5666666666666667,0.5151515151515151,0.5396825396825397,0.6487012987012988,0.6121290753837954,44,26,32,34,27,68,logistic_regression,Prompt semantic + Patch + Model,544,136,136,34
0.5882352941176471,0.587012987012987,0.5806451612903226,0.5454545454545454,0.5625,0.672943722943723,0.6480130582413262,44,26,30,36,27,68,random_forest,Prompt semantic + Patch + Model,544,136,136,34
0.6470588235294118,0.6445887445887446,0.6607142857142857,0.5606060606060606,0.6065573770491803,0.7153679653679654,0.6670789590021992,51,19,29,37,27,68,logistic_regression,All pre-SAST features,544,136,136,34
0.6397058823529411,0.6357142857142857,0.673469387755102,0.5,0.5739130434782609,0.7387445887445888,0.6931789975329882,54,16,33,33,27,68,random_forest,All pre-SAST features,544,136,136,34
0.49264705882352944,0.5261941448382126,0.45098039215686275,0.7796610169491526,0.5714285714285714,0.5411622276029056,0.45783482884679294,21,56,13,46,28,69,logistic_regression,Model only,544,136,136,34
0.49264705882352944,0.5261941448382126,0.45098039215686275,0.7796610169491526,0.5714285714285714,0.5411622276029056,0.45783482884679294,21,56,13,46,28,69,random_forest,Model only,544,136,136,34
0.5147058823529411,0.5258639665419327,0.45569620253164556,0.6101694915254238,0.5217391304347826,0.5062733876293198,0.4309786798558263,34,43,23,36,28,69,logistic_regression,Prompt size only,544,136,136,34
0.4485294117647059,0.4476117103235747,0.38235294117647056,0.4406779661016949,0.4094488188976378,0.4632401496808276,0.41944362283511427,35,42,33,26,28,69,random_forest,Prompt size only,544,136,136,34
0.49264705882352944,0.5123266563944531,0.4431818181818182,0.6610169491525424,0.5306122448979592,0.46808276469293425,0.46832019111950535,28,49,20,39,28,69,logistic_regression,Prompt semantic only,544,136,136,34
0.6397058823529411,0.6421967862645829,0.5735294117647058,0.6610169491525424,0.6141732283464567,0.6193044243891701,0.5426404191678754,48,29,20,39,28,69,random_forest,Prompt semantic only,544,136,136,34
0.625,0.6153422848338103,0.5714285714285714,0.5423728813559322,0.5565217391304348,0.6025753907109839,0.5403295507808877,53,24,27,32,28,69,logistic_regression,Patch only,544,136,136,34
0.5367647058823529,0.5413823464670922,0.4722222222222222,0.576271186440678,0.5190839694656488,0.5735197006383448,0.5056259264014306,39,38,25,34,28,69,random_forest,Patch only,544,136,136,34
0.5955882352941176,0.6012546775258639,0.5277777777777778,0.6440677966101694,0.5801526717557252,0.6100594320933305,0.5517833571329918,43,34,21,38,28,69,logistic_regression,Patch + Model,544,136,136,34
0.5882352941176471,0.5967422408100373,0.52,0.6610169491525424,0.582089552238806,0.611600264142637,0.5238192516953836,41,36,20,39,28,69,random_forest,Patch + Model,544,136,136,34
0.5147058823529411,0.5278450363196125,0.4567901234567901,0.6271186440677966,0.5285714285714286,0.48228043143297383,0.4794129157920994,33,44,22,37,28,69,logistic_regression,Patch + Prompt semantic,544,136,136,34
0.5514705882352942,0.5543693594541053,0.4857142857142857,0.576271186440678,0.5271317829457365,0.5829848117983711,0.540708562513043,41,36,25,34,28,69,random_forest,Patch + Prompt semantic,544,136,136,34
0.49264705882352944,0.5063834470614132,0.43902439024390244,0.6101694915254238,0.5106382978723404,0.462689852520361,0.4586846428634455,31,46,23,36,28,69,logistic_regression,Prompt size + Prompt semantic,544,136,136,34
0.5,0.5108958837772397,0.4430379746835443,0.5932203389830508,0.5072463768115942,0.5455646048866388,0.4824492214616615,33,44,24,35,28,69,random_forest,Prompt size + Prompt semantic,544,136,136,34
0.5147058823529411,0.5278450363196125,0.4567901234567901,0.6271186440677966,0.5285714285714286,0.49174554259300024,0.4848681335305641,33,44,22,37,28,69,logistic_regression,Prompt semantic + Patch + Model,544,136,136,34
0.5147058823529411,0.5219018269865727,0.4533333333333333,0.576271186440678,0.5074626865671642,0.5655954215276249,0.5457905833348332,36,41,25,34,28,69,random_forest,Prompt semantic + Patch + Model,544,136,136,34
0.5,0.5069337442218798,0.44,0.559322033898305,0.4925373134328358,0.48250055029716044,0.44952372486821923,35,42,26,33,28,69,logistic_regression,All pre-SAST features,544,136,136,34
0.5073529411764706,0.5154083204930663,0.4473684210526316,0.576271186440678,0.5037037037037037,0.5446841294298922,0.48724736633721727,35,42,25,34,28,69,random_forest,All pre-SAST features,544,136,136,34
0.4632352941176471,0.5274509803921569,0.39215686274509803,0.7843137254901961,0.5228758169934641,0.5509803921568628,0.40787197231833905,23,62,11,40,29,70,logistic_regression,Model only,544,136,136,34
0.4632352941176471,0.5274509803921569,0.39215686274509803,0.7843137254901961,0.5228758169934641,0.5509803921568628,0.40787197231833905,23,62,11,40,29,70,random_forest,Model only,544,136,136,34
0.6691176470588235,0.6725490196078432,0.546875,0.6862745098039216,0.6086956521739131,0.692964244521338,0.50839856354937,56,29,16,35,29,70,logistic_regression,Prompt size only,544,136,136,34
0.6029411764705882,0.5882352941176471,0.47368421052631576,0.5294117647058824,0.5,0.6418685121107267,0.4598493823874419,55,30,24,27,29,70,random_forest,Prompt size only,544,136,136,34
0.4632352941176471,0.4450980392156863,0.31666666666666665,0.37254901960784315,0.34234234234234234,0.5207612456747406,0.4349429111721921,44,41,32,19,29,70,logistic_regression,Prompt semantic only,544,136,136,34
0.6397058823529411,0.6333333333333333,0.5166666666666667,0.6078431372549019,0.5585585585585585,0.7154555940023068,0.5633997125651453,56,29,20,31,29,70,random_forest,Prompt semantic only,544,136,136,34
0.5661764705882353,0.5705882352941176,0.4411764705882353,0.5882352941176471,0.5042016806722689,0.6110726643598615,0.48686402769911674,47,38,21,30,29,70,logistic_regression,Patch only,544,136,136,34
0.5661764705882353,0.5549019607843138,0.43333333333333335,0.5098039215686274,0.46846846846846846,0.6223760092272203,0.4965716827101806,51,34,25,26,29,70,random_forest,Patch only,544,136,136,34
0.5588235294117647,0.5843137254901961,0.4430379746835443,0.6862745098039216,0.5384615384615384,0.6209919261822375,0.49479684860592515,41,44,16,35,29,70,logistic_regression,Patch + Model,544,136,136,34
0.5808823529411765,0.5705882352941176,0.45,0.5294117647058824,0.4864864864864865,0.5662053056516724,0.41384489197586627,52,33,24,27,29,70,random_forest,Patch + Model,544,136,136,34
0.5441176470588235,0.5411764705882354,0.4153846153846154,0.5294117647058824,0.46551724137931033,0.5483275663206459,0.43385299621471624,47,38,24,27,29,70,logistic_regression,Patch + Prompt semantic,544,136,136,34
0.5882352941176471,0.584313725490196,0.4603174603174603,0.5686274509803921,0.5087719298245614,0.6606689734717416,0.5256157187674958,51,34,22,29,29,70,random_forest,Patch + Prompt semantic,544,136,136,34
0.5,0.4627450980392157,0.32653061224489793,0.3137254901960784,0.32,0.5937716262975778,0.4431705931810945,52,33,35,16,29,70,logistic_regression,Prompt size + Prompt semantic,544,136,136,34
0.5073529411764706,0.46862745098039216,0.3333333333333333,0.3137254901960784,0.32323232323232326,0.644636678200692,0.5013438211693684,53,32,35,16,29,70,random_forest,Prompt size + Prompt semantic,544,136,136,34
0.5367647058823529,0.5313725490196078,0.40625,0.5098039215686274,0.45217391304347826,0.5596309111880046,0.44499233215947176,47,38,25,26,29,70,logistic_regression,Prompt semantic + Patch + Model,544,136,136,34
0.6102941176470589,0.5862745098039216,0.4807692307692308,0.49019607843137253,0.4854368932038835,0.656170703575548,0.5077756659399199,58,27,26,25,29,70,random_forest,Prompt semantic + Patch + Model,544,136,136,34
0.5735294117647058,0.5647058823529412,0.4426229508196721,0.5294117647058824,0.48214285714285715,0.6080738177623991,0.45909109743139354,51,34,24,27,29,70,logistic_regression,All pre-SAST features,544,136,136,34
0.5735294117647058,0.5529411764705883,0.43636363636363634,0.47058823529411764,0.4528301886792453,0.6618223760092272,0.5085642458081964,54,31,27,24,29,70,random_forest,All pre-SAST features,544,136,136,34
0.6029411764705882,0.5607142857142857,0.6274509803921569,0.8,0.7032967032967034,0.5758928571428572,0.6303921568627451,18,38,16,64,30,71,logistic_regression,Model only,544,136,136,34
0.5588235294117647,0.5607142857142857,0.6470588235294118,0.55,0.5945945945945946,0.5758928571428572,0.6303921568627451,32,24,36,44,30,71,random_forest,Model only,544,136,136,34
0.5147058823529411,0.49910714285714286,0.5875,0.5875,0.5875,0.5165178571428571,0.5845211806719278,23,33,33,47,30,71,logistic_regression,Prompt size only,544,136,136,34
0.4852941176470588,0.4955357142857143,0.5833333333333334,0.4375,0.5,0.4342633928571429,0.5706030944726065,31,25,45,35,30,71,random_forest,Prompt size only,544,136,136,34
0.4264705882352941,0.4455357142857143,0.5192307692307693,0.3375,0.4090909090909091,0.4671875,0.5577012769067974,31,25,53,27,30,71,logistic_regression,Prompt semantic only,544,136,136,34
0.5588235294117647,0.5339285714285714,0.6136363636363636,0.675,0.6428571428571429,0.5625,0.7009401545546456,22,34,26,54,30,71,random_forest,Prompt semantic only,544,136,136,34
0.5808823529411765,0.5955357142857143,0.6949152542372882,0.5125,0.5899280575539568,0.6099330357142857,0.6993225951840671,38,18,39,41,30,71,logistic_regression,Patch only,544,136,136,34
0.6102941176470589,0.6258928571428571,0.7288135593220338,0.5375,0.6187050359712231,0.61953125,0.6599016507614189,40,16,37,43,30,71,random_forest,Patch only,544,136,136,34
0.5882352941176471,0.5830357142857143,0.6621621621621622,0.6125,0.6363636363636364,0.6234375000000001,0.7052078556680095,31,25,31,49,30,71,logistic_regression,Patch + Model,544,136,136,34
0.625,0.6383928571428572,0.7377049180327869,0.5625,0.6382978723404256,0.6111607142857143,0.6454799457516351,40,16,35,45,30,71,random_forest,Patch + Model,544,136,136,34
0.39705882352941174,0.4125,0.48148148148148145,0.325,0.3880597014925373,0.4825892857142857,0.5854248921977785,28,28,54,26,30,71,logistic_regression,Patch + Prompt semantic,544,136,136,34
0.5514705882352942,0.54375,0.6266666666666667,0.5875,0.6064516129032258,0.5744419642857141,0.6744893929482781,28,28,33,47,30,71,random_forest,Patch + Prompt semantic,544,136,136,34
0.4264705882352941,0.4455357142857143,0.5192307692307693,0.3375,0.4090909090909091,0.553125,0.5965794657238616,31,25,53,27,30,71,logistic_regression,Prompt size + Prompt semantic,544,136,136,34
0.625,0.60625,0.6705882352941176,0.7125,0.6909090909090909,0.57734375,0.6451247770780747,28,28,23,57,30,71,random_forest,Prompt size + Prompt semantic,544,136,136,34
0.3897058823529412,0.40625,0.4716981132075472,0.3125,0.37593984962406013,0.4997767857142857,0.5959998689709951,28,28,55,25,30,71,logistic_regression,Prompt semantic + Patch + Model,544,136,136,34
0.5661764705882353,0.5508928571428571,0.6296296296296297,0.6375,0.6335403726708074,0.5521205357142858,0.6271358119582251,26,30,29,51,30,71,random_forest,Prompt semantic + Patch + Model,544,136,136,34
0.4852941176470588,0.5008928571428571,0.5892857142857143,0.4125,0.4852941176470588,0.5667410714285714,0.5925146059420846,33,23,47,33,30,71,logistic_regression,All pre-SAST features,544,136,136,34
0.5220588235294118,0.5214285714285715,0.6086956521739131,0.525,0.5637583892617449,0.55703125,0.6618751829526948,29,27,38,42,30,71,random_forest,All pre-SAST features,544,136,136,34
