accuracy,balanced_accuracy,precision_1,recall_1,f1_1,roc_auc,pr_auc,tn,fp,fn,tp,run,seed,classifier,feature_set,n_features,n_train,n_test,train_cases,test_cases
0.4264705882352941,0.4348214285714286,0.35526315789473684,0.48214285714285715,0.4090909090909091,0.5495535714285714,0.5061001443315926,31,49,29,27,1,42,logistic_regression,Security-Relevant Task Semantics,16,544,136,136,34
0.6470588235294118,0.6089285714285714,0.6111111111111112,0.39285714285714285,0.4782608695652174,0.6540178571428572,0.6541928654973214,66,14,34,22,1,42,random_forest,Security-Relevant Task Semantics,16,544,136,136,34
0.6176470588235294,0.6214285714285714,0.5294117647058824,0.6428571428571429,0.5806451612903226,0.6772321428571428,0.5725002229912943,48,32,20,36,1,42,logistic_regression,Constraints / requirements,6,544,136,136,34
0.4264705882352941,0.41875,0.328125,0.375,0.35,0.40223214285714287,0.385451426087015,37,43,35,21,1,42,random_forest,Constraints / requirements,6,544,136,136,34
0.5588235294117647,0.5553571428571429,0.46875,0.5357142857142857,0.5,0.5901785714285714,0.4720642280771591,46,34,26,30,1,42,logistic_regression,Files / tests / evidence,6,544,136,136,34
0.7058823529411765,0.7017857142857142,0.6333333333333333,0.6785714285714286,0.6551724137931034,0.7392857142857143,0.6140413707669142,58,22,18,38,1,42,random_forest,Files / tests / evidence,6,544,136,136,34
0.6176470588235294,0.5732142857142857,0.5625,0.32142857142857145,0.4090909090909091,0.6526785714285714,0.5258018142120372,66,14,38,18,1,42,logistic_regression,Task structure / complexity,3,544,136,136,34
0.38235294117647056,0.37857142857142856,0.29411764705882354,0.35714285714285715,0.3225806451612903,0.4883928571428572,0.4038235254117556,32,48,36,20,1,42,random_forest,Task structure / complexity,3,544,136,136,34
0.4117647058823529,0.5,0.4117647058823529,1.0,0.5833333333333334,0.5,0.4117647058823529,0,80,0,56,1,42,logistic_regression,Prompt template / context,4,544,136,136,34
0.4117647058823529,0.5,0.4117647058823529,1.0,0.5833333333333334,0.5,0.4117647058823529,0,80,0,56,1,42,random_forest,Prompt template / context,4,544,136,136,34
0.5,0.5053571428571428,0.4166666666666667,0.5357142857142857,0.46875,0.6008928571428571,0.551393883172158,38,42,26,30,1,42,logistic_regression,Security-Relevant + Constraints,22,544,136,136,34
0.5882352941176471,0.5482142857142858,0.5,0.32142857142857145,0.391304347826087,0.5785714285714285,0.554252771912961,62,18,38,18,1,42,random_forest,Security-Relevant + Constraints,22,544,136,136,34
0.5441176470588235,0.55625,0.4605263157894737,0.625,0.5303030303030303,0.5462053571428572,0.45927855511641213,39,41,21,35,1,42,logistic_regression,Security-Relevant + Files/Tests,22,544,136,136,34
0.6617647058823529,0.6616071428571428,0.578125,0.6607142857142857,0.6166666666666667,0.7142857142857143,0.6134444265728233,53,27,19,37,1,42,random_forest,Security-Relevant + Files/Tests,22,544,136,136,34
0.5,0.5053571428571428,0.4166666666666667,0.5357142857142857,0.46875,0.5758928571428571,0.5020858438995881,38,42,26,30,1,42,logistic_regression,Security-Relevant + Constraints + Files/Tests,28,544,136,136,34
0.5,0.4732142857142857,0.375,0.32142857142857145,0.34615384615384615,0.6178571428571429,0.5243266264404588,50,30,38,18,1,42,random_forest,Security-Relevant + Constraints + Files/Tests,28,544,136,136,34
0.5735294117647058,0.5651785714285715,0.48333333333333334,0.5178571428571429,0.5,0.6151785714285714,0.49197766332471304,49,31,27,29,1,42,logistic_regression,All semantic,35,544,136,136,34
0.6617647058823529,0.6616071428571428,0.578125,0.6607142857142857,0.6166666666666667,0.7098214285714286,0.5773791762638469,53,27,19,37,1,42,random_forest,All semantic,35,544,136,136,34
0.4264705882352941,0.4005681818181818,0.25,0.3125,0.2777777777777778,0.3409090909090909,0.29509728825263193,43,45,33,15,2,43,logistic_regression,Security-Relevant Task Semantics,16,544,136,136,34
0.5294117647058824,0.48484848484848486,0.3333333333333333,0.3333333333333333,0.3333333333333333,0.5482954545454546,0.4003203021535457,56,32,32,16,2,43,random_forest,Security-Relevant Task Semantics,16,544,136,136,34
0.6176470588235294,0.6003787878787878,0.4642857142857143,0.5416666666666666,0.5,0.5407196969696969,0.4301258182080301,58,30,22,26,2,43,logistic_regression,Constraints / requirements,6,544,136,136,34
0.5147058823529411,0.5350378787878788,0.3815789473684211,0.6041666666666666,0.46774193548387094,0.45075757575757575,0.34369297345578453,41,47,19,29,2,43,random_forest,Constraints / requirements,6,544,136,136,34
0.6029411764705882,0.612689393939394,0.45588235294117646,0.6458333333333334,0.5344827586206896,0.6354166666666666,0.43680417810852595,51,37,17,31,2,43,logistic_regression,Files / tests / evidence,6,544,136,136,34
0.5294117647058824,0.5511363636363636,0.39473684210526316,0.625,0.4838709677419355,0.5984848484848484,0.5317864922665395,42,46,18,30,2,43,random_forest,Files / tests / evidence,6,544,136,136,34
0.6176470588235294,0.6098484848484849,0.4666666666666667,0.5833333333333334,0.5185185185185185,0.6884469696969697,0.5419955623080622,56,32,20,28,2,43,logistic_regression,Task structure / complexity,3,544,136,136,34
0.6176470588235294,0.6193181818181819,0.46875,0.625,0.5357142857142857,0.6699810606060606,0.5566700504312396,54,34,18,30,2,43,random_forest,Task structure / complexity,3,544,136,136,34
0.35294117647058826,0.5,0.35294117647058826,1.0,0.5217391304347826,0.5,0.35294117647058826,0,88,0,48,2,43,logistic_regression,Prompt template / context,4,544,136,136,34
0.6470588235294118,0.5,0.0,0.0,0.0,0.5,0.35294117647058826,88,0,48,0,2,43,random_forest,Prompt template / context,4,544,136,136,34
0.4411764705882353,0.42613636363636365,0.28125,0.375,0.32142857142857145,0.3816287878787879,0.3042679396862327,42,46,30,18,2,43,logistic_regression,Security-Relevant + Constraints,22,544,136,136,34
0.6323529411764706,0.6164772727272727,0.48214285714285715,0.5625,0.5192307692307693,0.6354166666666666,0.5126478382728382,59,29,21,27,2,43,random_forest,Security-Relevant + Constraints,22,544,136,136,34
0.39705882352941174,0.37784090909090906,0.234375,0.3125,0.26785714285714285,0.365530303030303,0.29791564816888094,39,49,33,15,2,43,logistic_regression,Security-Relevant + Files/Tests,22,544,136,136,34
0.5294117647058824,0.5227272727272727,0.375,0.5,0.42857142857142855,0.6420454545454545,0.5602089899358206,48,40,24,24,2,43,random_forest,Security-Relevant + Files/Tests,22,544,136,136,34
0.39705882352941174,0.396780303030303,0.2638888888888889,0.3958333333333333,0.31666666666666665,0.3731060606060606,0.29638544302436653,35,53,29,19,2,43,logistic_regression,Security-Relevant + Constraints + Files/Tests,28,544,136,136,34
0.5882352941176471,0.5965909090909092,0.4411764705882353,0.625,0.5172413793103449,0.6714015151515151,0.6010179000089738,50,38,18,30,2,43,random_forest,Security-Relevant + Constraints + Files/Tests,28,544,136,136,34
0.4264705882352941,0.41950757575757575,0.27941176470588236,0.3958333333333333,0.3275862068965517,0.3948863636363636,0.3043245156324359,39,49,29,19,2,43,logistic_regression,All semantic,35,544,136,136,34
0.5147058823529411,0.5255681818181819,0.375,0.5625,0.45,0.6609848484848484,0.5768162926832564,43,45,21,27,2,43,random_forest,All semantic,35,544,136,136,34
0.5588235294117647,0.5503472222222222,0.5416666666666666,0.40625,0.4642857142857143,0.6137152777777778,0.6215437297077923,50,22,38,26,3,44,logistic_regression,Security-Relevant Task Semantics,16,544,136,136,34
0.5882352941176471,0.5902777777777778,0.5555555555555556,0.625,0.5882352941176471,0.6206597222222221,0.549830655565625,40,32,24,40,3,44,random_forest,Security-Relevant Task Semantics,16,544,136,136,34
0.6176470588235294,0.6111111111111112,0.6153846153846154,0.5,0.5517241379310345,0.5620659722222223,0.5513482983060374,52,20,32,32,3,44,logistic_regression,Constraints / requirements,6,544,136,136,34
0.5147058823529411,0.5008680555555556,0.4722222222222222,0.265625,0.34,0.521267361111111,0.5705017332425408,53,19,47,17,3,44,random_forest,Constraints / requirements,6,544,136,136,34
0.5441176470588235,0.5494791666666666,0.5125,0.640625,0.5694444444444444,0.5529513888888888,0.5441541880758471,33,39,23,41,3,44,logistic_regression,Files / tests / evidence,6,544,136,136,34
0.45588235294117646,0.4539930555555556,0.421875,0.421875,0.421875,0.5546875,0.5717753224441194,35,37,37,27,3,44,random_forest,Files / tests / evidence,6,544,136,136,34
0.6764705882352942,0.6701388888888888,0.6923076923076923,0.5625,0.6206896551724138,0.6957465277777778,0.6094754756795447,56,16,28,36,3,44,logistic_regression,Task structure / complexity,3,544,136,136,34
0.5441176470588235,0.5512152777777778,0.5119047619047619,0.671875,0.581081081081081,0.5581597222222222,0.5058624377707347,31,41,21,43,3,44,random_forest,Task structure / complexity,3,544,136,136,34
0.47058823529411764,0.5,0.47058823529411764,1.0,0.64,0.5,0.47058823529411764,0,72,0,64,3,44,logistic_regression,Prompt template / context,4,544,136,136,34
0.47058823529411764,0.5,0.47058823529411764,1.0,0.64,0.5,0.47058823529411764,0,72,0,64,3,44,random_forest,Prompt template / context,4,544,136,136,34
0.6617647058823529,0.6553819444444444,0.6730769230769231,0.546875,0.603448275862069,0.6024305555555556,0.652266133693546,55,17,29,35,3,44,logistic_regression,Security-Relevant + Constraints,22,544,136,136,34
0.6029411764705882,0.6067708333333333,0.5657894736842105,0.671875,0.6142857142857143,0.5703125,0.5693345230802218,39,33,21,43,3,44,random_forest,Security-Relevant + Constraints,22,544,136,136,34
0.5588235294117647,0.5555555555555556,0.5333333333333333,0.5,0.5161290322580645,0.6276041666666667,0.5800235546367615,44,28,32,32,3,44,logistic_regression,Security-Relevant + Files/Tests,22,544,136,136,34
0.5588235294117647,0.5572916666666667,0.53125,0.53125,0.53125,0.6067708333333333,0.6313893626397171,42,30,30,34,3,44,random_forest,Security-Relevant + Files/Tests,22,544,136,136,34
0.5735294117647058,0.5755208333333333,0.5416666666666666,0.609375,0.5735294117647058,0.6059027777777778,0.6316363798069511,39,33,25,39,3,44,logistic_regression,Security-Relevant + Constraints + Files/Tests,28,544,136,136,34
0.5,0.5,0.47058823529411764,0.5,0.48484848484848486,0.5902777777777778,0.5848231107922299,36,36,32,32,3,44,random_forest,Security-Relevant + Constraints + Files/Tests,28,544,136,136,34
0.5882352941176471,0.5885416666666667,0.5588235294117647,0.59375,0.5757575757575758,0.6006944444444444,0.6154127168681062,42,30,26,38,3,44,logistic_regression,All semantic,35,544,136,136,34
0.5294117647058824,0.5277777777777778,0.5,0.5,0.5,0.5850694444444444,0.5533478489462051,40,32,32,32,3,44,random_forest,All semantic,35,544,136,136,34
0.5,0.5,0.5,0.4117647058823529,0.45161290322580644,0.5847750865051904,0.5889094100836622,40,28,40,28,4,45,logistic_regression,Security-Relevant Task Semantics,16,544,136,136,34
0.5,0.5,0.5,0.47058823529411764,0.48484848484848486,0.4826989619377163,0.484381766574156,36,32,36,32,4,45,random_forest,Security-Relevant Task Semantics,16,544,136,136,34
0.47058823529411764,0.47058823529411764,0.4666666666666667,0.4117647058823529,0.4375,0.4965397923875432,0.4981281954550382,36,32,40,28,4,45,logistic_regression,Constraints / requirements,6,544,136,136,34
0.6176470588235294,0.6176470588235294,0.6666666666666666,0.47058823529411764,0.5517241379310345,0.6807958477508651,0.6319506704622023,52,16,36,32,4,45,random_forest,Constraints / requirements,6,544,136,136,34
0.5294117647058824,0.5294117647058824,0.5294117647058824,0.5294117647058824,0.5294117647058824,0.5406574394463668,0.5384215181009033,36,32,32,36,4,45,logistic_regression,Files / tests / evidence,6,544,136,136,34
0.5588235294117647,0.5588235294117647,0.5555555555555556,0.5882352941176471,0.5714285714285714,0.5942906574394463,0.5703725902489811,36,32,28,40,4,45,random_forest,Files / tests / evidence,6,544,136,136,34
0.5294117647058824,0.5294117647058824,0.5357142857142857,0.4411764705882353,0.4838709677419355,0.6141868512110726,0.58342050570363,42,26,38,30,4,45,logistic_regression,Task structure / complexity,3,544,136,136,34
0.45588235294117646,0.45588235294117646,0.453125,0.4264705882352941,0.4393939393939394,0.4848615916955018,0.5095452726079738,33,35,39,29,4,45,random_forest,Task structure / complexity,3,544,136,136,34
0.5,0.5,0.5,1.0,0.6666666666666666,0.5,0.5,0,68,0,68,4,45,logistic_regression,Prompt template / context,4,544,136,136,34
0.5,0.5,0.5,1.0,0.6666666666666666,0.5,0.5,0,68,0,68,4,45,random_forest,Prompt template / context,4,544,136,136,34
0.47058823529411764,0.47058823529411764,0.4583333333333333,0.3235294117647059,0.3793103448275862,0.5810986159169551,0.5757987572637274,42,26,46,22,4,45,logistic_regression,Security-Relevant + Constraints,22,544,136,136,34
0.5147058823529411,0.5147058823529411,0.5208333333333334,0.36764705882352944,0.43103448275862066,0.5458477508650519,0.5977120737471154,45,23,43,25,4,45,random_forest,Security-Relevant + Constraints,22,544,136,136,34
0.5441176470588235,0.5441176470588235,0.5625,0.39705882352941174,0.46551724137931033,0.5665008650519031,0.5600987415457248,47,21,41,27,4,45,logistic_regression,Security-Relevant + Files/Tests,22,544,136,136,34
0.4264705882352941,0.4264705882352941,0.4107142857142857,0.3382352941176471,0.3709677419354839,0.5207612456747405,0.5666321345480497,35,33,45,23,4,45,random_forest,Security-Relevant + Files/Tests,22,544,136,136,34
0.5294117647058824,0.5294117647058824,0.5384615384615384,0.4117647058823529,0.4666666666666667,0.5329801038062284,0.5256512307708465,44,24,40,28,4,45,logistic_regression,Security-Relevant + Constraints + Files/Tests,28,544,136,136,34
0.5147058823529411,0.5147058823529411,0.5192307692307693,0.39705882352941174,0.45,0.5484429065743944,0.616893873880354,43,25,41,27,4,45,random_forest,Security-Relevant + Constraints + Files/Tests,28,544,136,136,34
0.5147058823529411,0.5147058823529411,0.5166666666666667,0.45588235294117646,0.484375,0.535575259515571,0.5276485054948089,39,29,37,31,4,45,logistic_regression,All semantic,35,544,136,136,34
0.5735294117647058,0.5735294117647058,0.5694444444444444,0.6029411764705882,0.5857142857142857,0.5916955017301038,0.5863227868932364,37,31,27,41,4,45,random_forest,All semantic,35,544,136,136,34
0.4411764705882353,0.443859649122807,0.3888888888888889,0.4666666666666667,0.42424242424242425,0.48771929824561405,0.49783174642483896,32,44,32,28,5,46,logistic_regression,Security-Relevant Task Semantics,16,544,136,136,34
0.5,0.4964912280701754,0.4375,0.4666666666666667,0.45161290322580644,0.5570175438596491,0.531489852918839,40,36,32,28,5,46,random_forest,Security-Relevant Task Semantics,16,544,136,136,34
0.5882352941176471,0.5929824561403509,0.5277777777777778,0.6333333333333333,0.5757575757575758,0.5390350877192983,0.48136185089902667,42,34,22,38,5,46,logistic_regression,Constraints / requirements,6,544,136,136,34
0.45588235294117646,0.46228070175438596,0.40789473684210525,0.5166666666666667,0.45588235294117646,0.4083333333333334,0.3909432295882375,31,45,29,31,5,46,random_forest,Constraints / requirements,6,544,136,136,34
0.6029411764705882,0.5833333333333334,0.5681818181818182,0.4166666666666667,0.4807692307692308,0.6587719298245615,0.5871812122847341,57,19,35,25,5,46,logistic_regression,Files / tests / evidence,6,544,136,136,34
0.6470588235294118,0.6596491228070176,0.575,0.7666666666666667,0.6571428571428571,0.7210526315789474,0.6595210161498861,42,34,14,46,5,46,random_forest,Files / tests / evidence,6,544,136,136,34
0.4411764705882353,0.4403508771929825,0.38235294117647056,0.43333333333333335,0.40625,0.4600877192982456,0.4351655934132356,34,42,34,26,5,46,logistic_regression,Task structure / complexity,3,544,136,136,34
0.4117647058823529,0.42105263157894735,0.375,0.5,0.42857142857142855,0.46008771929824555,0.42419988178296064,26,50,30,30,5,46,random_forest,Task structure / complexity,3,544,136,136,34
0.4411764705882353,0.5,0.4411764705882353,1.0,0.6122448979591837,0.5,0.4411764705882353,0,76,0,60,5,46,logistic_regression,Prompt template / context,4,544,136,136,34
0.5588235294117647,0.5,0.0,0.0,0.0,0.5,0.4411764705882353,76,0,60,0,5,46,random_forest,Prompt template / context,4,544,136,136,34
0.47058823529411764,0.47017543859649125,0.4117647058823529,0.4666666666666667,0.4375,0.45789473684210524,0.458557312194229,36,40,32,28,5,46,logistic_regression,Security-Relevant + Constraints,22,544,136,136,34
0.5147058823529411,0.5289473684210526,0.4642857142857143,0.65,0.5416666666666666,0.6315789473684211,0.6592009011000947,31,45,21,39,5,46,random_forest,Security-Relevant + Constraints,22,544,136,136,34
0.45588235294117646,0.46578947368421053,0.4125,0.55,0.4714285714285714,0.5236842105263158,0.5284256974869721,29,47,27,33,5,46,logistic_regression,Security-Relevant + Files/Tests,22,544,136,136,34
0.5441176470588235,0.5412280701754386,0.484375,0.5166666666666667,0.5,0.5877192982456141,0.5641887122991127,43,33,29,31,5,46,random_forest,Security-Relevant + Files/Tests,22,544,136,136,34
0.4852941176470588,0.49210526315789477,0.4342105263157895,0.55,0.4852941176470588,0.49736842105263157,0.4777610222758541,33,43,27,33,5,46,logistic_regression,Security-Relevant + Constraints + Files/Tests,28,544,136,136,34
0.5882352941176471,0.6,0.525,0.7,0.6,0.6157894736842106,0.5846568616791593,38,38,18,42,5,46,random_forest,Security-Relevant + Constraints + Files/Tests,28,544,136,136,34
0.45588235294117646,0.46228070175438596,0.40789473684210525,0.5166666666666667,0.45588235294117646,0.4956140350877193,0.476419224111726,31,45,29,31,5,46,logistic_regression,All semantic,35,544,136,136,34
0.5882352941176471,0.6070175438596491,0.5227272727272727,0.7666666666666667,0.6216216216216216,0.6780701754385965,0.6623126430561774,34,42,14,46,5,46,random_forest,All semantic,35,544,136,136,34
0.5073529411764706,0.4633699633699634,0.28846153846153844,0.3333333333333333,0.30927835051546393,0.4755799755799756,0.34029839785257743,54,37,30,15,6,47,logistic_regression,Security-Relevant Task Semantics,16,544,136,136,34
0.47794117647058826,0.4863247863247863,0.3194444444444444,0.5111111111111111,0.39316239316239315,0.5068376068376068,0.3495846653062187,42,49,22,23,6,47,random_forest,Security-Relevant Task Semantics,16,544,136,136,34
0.6691176470588235,0.5673992673992674,0.5,0.26666666666666666,0.34782608695652173,0.5615384615384615,0.46260341591646537,79,12,33,12,6,47,logistic_regression,Constraints / requirements,6,544,136,136,34
0.4632352941176471,0.5146520146520146,0.3409090909090909,0.6666666666666666,0.45112781954887216,0.541025641025641,0.4151721056982532,33,58,15,30,6,47,random_forest,Constraints / requirements,6,544,136,136,34
0.5808823529411765,0.523931623931624,0.36363636363636365,0.35555555555555557,0.3595505617977528,0.6362637362637362,0.45184218559218564,63,28,29,16,6,47,logistic_regression,Files / tests / evidence,6,544,136,136,34
0.5808823529411765,0.6025641025641025,0.4166666666666667,0.6666666666666666,0.5128205128205128,0.6352869352869353,0.4887944185444186,49,42,15,30,6,47,random_forest,Files / tests / evidence,6,544,136,136,34
0.47794117647058826,0.5424908424908425,0.358695652173913,0.7333333333333333,0.48175182481751827,0.5698412698412698,0.45434919471209795,32,59,12,33,6,47,logistic_regression,Task structure / complexity,3,544,136,136,34
0.6102941176470589,0.6245421245421245,0.4411764705882353,0.6666666666666666,0.5309734513274337,0.6509157509157509,0.464228472689257,53,38,15,30,6,47,random_forest,Task structure / complexity,3,544,136,136,34
0.33088235294117646,0.5,0.33088235294117646,1.0,0.4972375690607735,0.5,0.33088235294117646,0,91,0,45,6,47,logistic_regression,Prompt template / context,4,544,136,136,34
0.6691176470588235,0.5,0.0,0.0,0.0,0.5,0.33088235294117646,91,0,45,0,6,47,random_forest,Prompt template / context,4,544,136,136,34
0.5073529411764706,0.4409035409035409,0.25,0.24444444444444444,0.24719101123595505,0.4702075702075702,0.3616148988037533,58,33,34,11,6,47,logistic_regression,Security-Relevant + Constraints,22,544,136,136,34
0.6397058823529411,0.6128205128205129,0.46153846153846156,0.5333333333333333,0.4948453608247423,0.6128205128205129,0.5745121601951667,63,28,21,24,6,47,random_forest,Security-Relevant + Constraints,22,544,136,136,34
0.5073529411764706,0.4858363858363859,0.31666666666666665,0.4222222222222222,0.3619047619047619,0.478021978021978,0.3218292666731927,50,41,26,19,6,47,logistic_regression,Security-Relevant + Files/Tests,22,544,136,136,34
0.5367647058823529,0.5302808302808303,0.359375,0.5111111111111111,0.42201834862385323,0.7017094017094017,0.6474669663920491,50,41,22,23,6,47,random_forest,Security-Relevant + Files/Tests,22,544,136,136,34
0.5367647058823529,0.5302808302808303,0.359375,0.5111111111111111,0.42201834862385323,0.4810744810744811,0.32816126676729407,50,41,22,23,6,47,logistic_regression,Security-Relevant + Constraints + Files/Tests,28,544,136,136,34
0.5808823529411765,0.5688644688644688,0.4,0.5333333333333333,0.45714285714285713,0.6675213675213676,0.5682052458110249,55,36,21,24,6,47,random_forest,Security-Relevant + Constraints + Files/Tests,28,544,136,136,34
0.5073529411764706,0.4409035409035409,0.25,0.24444444444444444,0.24719101123595505,0.47814407814407817,0.33470029607284507,58,33,34,11,6,47,logistic_regression,All semantic,35,544,136,136,34
0.5661764705882353,0.5747252747252747,0.39705882352941174,0.6,0.4778761061946903,0.6626373626373626,0.5263951220920104,50,41,18,27,6,47,random_forest,All semantic,35,544,136,136,34
0.5808823529411765,0.5756284153005464,0.5333333333333333,0.5245901639344263,0.5289256198347108,0.6350819672131147,0.5941901674572481,47,28,29,32,7,48,logistic_regression,Security-Relevant Task Semantics,16,544,136,136,34
0.49264705882352944,0.5017486338797814,0.45,0.5901639344262295,0.5106382978723404,0.4934426229508197,0.4578956363288105,31,44,25,36,7,48,random_forest,Security-Relevant Task Semantics,16,544,136,136,34
0.5073529411764706,0.4890710382513661,0.4318181818181818,0.3114754098360656,0.3619047619047619,0.41387978142076504,0.49432173004570895,50,25,42,19,7,48,logistic_regression,Constraints / requirements,6,544,136,136,34
0.41911764705882354,0.39683060109289614,0.275,0.18032786885245902,0.21782178217821782,0.4086338797814208,0.40698146818024933,46,29,50,11,7,48,random_forest,Constraints / requirements,6,544,136,136,34
0.5367647058823529,0.5310382513661203,0.48333333333333334,0.47540983606557374,0.4793388429752066,0.5773770491803278,0.5931210271180496,44,31,32,29,7,48,logistic_regression,Files / tests / evidence,6,544,136,136,34
0.5661764705882353,0.5791256830601093,0.5119047619047619,0.7049180327868853,0.593103448275862,0.5607650273224043,0.4543102370671369,34,41,18,43,7,48,random_forest,Files / tests / evidence,6,544,136,136,34
0.6102941176470589,0.6022950819672132,0.5714285714285714,0.5245901639344263,0.5470085470085471,0.6770491803278689,0.5581044063665338,51,24,29,32,7,48,logistic_regression,Task structure / complexity,3,544,136,136,34
0.5661764705882353,0.5760655737704918,0.5125,0.6721311475409836,0.5815602836879432,0.5765027322404371,0.4706605475313287,36,39,20,41,7,48,random_forest,Task structure / complexity,3,544,136,136,34
0.4485294117647059,0.5,0.4485294117647059,1.0,0.6192893401015228,0.5,0.4485294117647059,0,75,0,61,7,48,logistic_regression,Prompt template / context,4,544,136,136,34
0.4485294117647059,0.5,0.4485294117647059,1.0,0.6192893401015228,0.5,0.4485294117647059,0,75,0,61,7,48,random_forest,Prompt template / context,4,544,136,136,34
0.4632352941176471,0.45672131147540984,0.4,0.39344262295081966,0.39669421487603307,0.5336612021857923,0.5690218499716959,39,36,37,24,7,48,logistic_regression,Security-Relevant + Constraints,22,544,136,136,34
0.4338235294117647,0.4269945355191257,0.36666666666666664,0.36065573770491804,0.36363636363636365,0.4672131147540984,0.47664592749383133,37,38,39,22,7,48,random_forest,Security-Relevant + Constraints,22,544,136,136,34
0.5808823529411765,0.5817486338797815,0.5294117647058824,0.5901639344262295,0.5581395348837209,0.6062295081967213,0.5543570216497531,43,32,25,36,7,48,logistic_regression,Security-Relevant + Files/Tests,22,544,136,136,34
0.5220588235294118,0.528415300546448,0.47368421052631576,0.5901639344262295,0.5255474452554745,0.6158469945355192,0.5922446893312544,35,40,25,36,7,48,random_forest,Security-Relevant + Files/Tests,22,544,136,136,34
0.5220588235294118,0.5100546448087432,0.46153846153846156,0.39344262295081966,0.4247787610619469,0.5346448087431694,0.5198964369391101,47,28,37,24,7,48,logistic_regression,Security-Relevant + Constraints + Files/Tests,28,544,136,136,34
0.6544117647058824,0.6468852459016393,0.625,0.5737704918032787,0.5982905982905983,0.6202185792349726,0.5965170360789726,54,21,26,35,7,48,random_forest,Security-Relevant + Constraints + Files/Tests,28,544,136,136,34
0.4338235294117647,0.43005464480874317,0.375,0.39344262295081966,0.384,0.5180327868852459,0.5330492874513516,35,40,37,24,7,48,logistic_regression,All semantic,35,544,136,136,34
0.5661764705882353,0.5607650273224043,0.5166666666666667,0.5081967213114754,0.512396694214876,0.6980327868852458,0.6814270236760382,46,29,30,31,7,48,random_forest,All semantic,35,544,136,136,34
0.5588235294117647,0.572362685265911,0.5113636363636364,0.7258064516129032,0.6,0.5479511769834351,0.47541528714691106,31,43,17,45,8,49,logistic_regression,Security-Relevant Task Semantics,16,544,136,136,34
0.5294117647058824,0.5427201394943331,0.48863636363636365,0.6935483870967742,0.5733333333333334,0.6421098517872712,0.6138803527558243,29,45,19,43,8,49,random_forest,Security-Relevant Task Semantics,16,544,136,136,34
0.47058823529411764,0.45204882301656496,0.375,0.24193548387096775,0.29411764705882354,0.451176983435048,0.41671149209881225,49,25,47,15,8,49,logistic_regression,Constraints / requirements,6,544,136,136,34
0.4264705882352941,0.42066259808195294,0.36666666666666664,0.3548387096774194,0.36065573770491804,0.41717523975588494,0.41424333493349746,36,38,40,22,8,49,random_forest,Constraints / requirements,6,544,136,136,34
0.4411764705882353,0.43025283347863996,0.36538461538461536,0.3064516129032258,0.3333333333333333,0.42763731473408895,0.4223238293084754,41,33,43,19,8,49,logistic_regression,Files / tests / evidence,6,544,136,136,34
0.47058823529411764,0.47558849171752393,0.4342105263157895,0.532258064516129,0.4782608695652174,0.5156931124673061,0.5808817910538235,31,43,29,33,8,49,random_forest,Files / tests / evidence,6,544,136,136,34
0.5,0.502615518744551,0.4583333333333333,0.532258064516129,0.4925373134328358,0.5370531822144725,0.4816624474203995,35,39,29,33,8,49,logistic_regression,Task structure / complexity,3,544,136,136,34
0.5147058823529411,0.51743679163034,0.4722222222222222,0.5483870967741935,0.5074626865671642,0.5074106364428945,0.4540405655244571,36,38,28,34,8,49,random_forest,Task structure / complexity,3,544,136,136,34
0.45588235294117646,0.5,0.45588235294117646,1.0,0.6262626262626263,0.5,0.45588235294117646,0,74,0,62,8,49,logistic_regression,Prompt template / context,4,544,136,136,34
0.5441176470588235,0.5,0.0,0.0,0.0,0.5,0.45588235294117646,74,0,62,0,8,49,random_forest,Prompt template / context,4,544,136,136,34
0.45588235294117646,0.45292066259808195,0.40625,0.41935483870967744,0.4126984126984127,0.488666085440279,0.4430831868154074,36,38,36,26,8,49,logistic_regression,Security-Relevant + Constraints,22,544,136,136,34
0.4852941176470588,0.474716652136007,0.4230769230769231,0.3548387096774194,0.38596491228070173,0.47384481255448996,0.4329102060579953,44,30,40,22,8,49,random_forest,Security-Relevant + Constraints,22,544,136,136,34
0.6029411764705882,0.6115954664341761,0.55,0.7096774193548387,0.6197183098591549,0.5373801220575414,0.47571257894159213,38,36,18,44,8,49,logistic_regression,Security-Relevant + Files/Tests,22,544,136,136,34
0.6029411764705882,0.6115954664341761,0.55,0.7096774193548387,0.6197183098591549,0.631647776809067,0.6504800110884632,38,36,18,44,8,49,random_forest,Security-Relevant + Files/Tests,22,544,136,136,34
0.5,0.497384481255449,0.453125,0.46774193548387094,0.4603174603174603,0.4545553618134263,0.41973141956819393,39,35,33,29,8,49,logistic_regression,Security-Relevant + Constraints + Files/Tests,28,544,136,136,34
0.5588235294117647,0.567131647776809,0.5125,0.6612903225806451,0.5774647887323944,0.5688753269398431,0.5410207628782313,35,39,21,41,8,49,random_forest,Security-Relevant + Constraints + Files/Tests,28,544,136,136,34
0.4411764705882353,0.4433304272013949,0.4027777777777778,0.46774193548387094,0.43283582089552236,0.4302528334786399,0.43211169872138844,31,43,33,29,8,49,logistic_regression,All semantic,35,544,136,136,34
0.6323529411764706,0.6386224934612031,0.5789473684210527,0.7096774193548387,0.6376811594202898,0.5950305143853531,0.5061286401045554,42,32,18,44,8,49,random_forest,All semantic,35,544,136,136,34
0.4338235294117647,0.45696868276356684,0.6071428571428571,0.38202247191011235,0.4689655172413793,0.43784365288070765,0.6206420487443739,25,22,55,34,9,50,logistic_regression,Security-Relevant Task Semantics,16,544,136,136,34
0.5073529411764706,0.5683719818312216,0.75,0.3707865168539326,0.49624060150375937,0.6152283050442267,0.7524602164010623,36,11,56,33,9,50,random_forest,Security-Relevant Task Semantics,16,544,136,136,34
0.49264705882352944,0.44166865885727946,0.6136363636363636,0.6067415730337079,0.6101694915254238,0.4478842935692088,0.6625788206694625,13,34,35,54,9,50,logistic_regression,Constraints / requirements,6,544,136,136,34
0.5367647058823529,0.5105187664355726,0.6625,0.5955056179775281,0.6272189349112426,0.47179058092278264,0.6818685887507746,20,27,36,53,9,50,random_forest,Constraints / requirements,6,544,136,136,34
0.5661764705882353,0.5731532393019364,0.7205882352941176,0.550561797752809,0.6242038216560509,0.586540760219938,0.7728095095566138,28,19,40,49,9,50,logistic_regression,Files / tests / evidence,6,544,136,136,34
0.5367647058823529,0.5205594071240736,0.6710526315789473,0.5730337078651685,0.6181818181818182,0.5951470236672244,0.7357303237443032,22,25,38,51,9,50,random_forest,Files / tests / evidence,6,544,136,136,34
0.5955882352941176,0.6357877121683002,0.8035714285714286,0.5056179775280899,0.6206896551724138,0.640568969639015,0.7634627096174432,36,11,44,45,9,50,logistic_regression,Task structure / complexity,3,544,136,136,34
0.49264705882352944,0.4316280181687784,0.6086956521739131,0.6292134831460674,0.6187845303867403,0.40246234759741817,0.5926293363782831,11,36,33,56,9,50,random_forest,Task structure / complexity,3,544,136,136,34
0.6544117647058824,0.5,0.6544117647058824,1.0,0.7911111111111111,0.5,0.6544117647058824,0,47,0,89,9,50,logistic_regression,Prompt template / context,4,544,136,136,34
0.34558823529411764,0.5,0.0,0.0,0.0,0.5,0.6544117647058824,47,0,89,0,9,50,random_forest,Prompt template / context,4,544,136,136,34
0.5220588235294118,0.4942624910351422,0.65,0.5842696629213483,0.6153846153846154,0.4258905092039207,0.6286200404855768,19,28,37,52,9,50,logistic_regression,Security-Relevant + Constraints,22,544,136,136,34
0.47794117647058826,0.5057375089648577,0.6607142857142857,0.4157303370786517,0.5103448275862069,0.4928281137939278,0.7183863513900759,28,19,52,37,9,50,random_forest,Security-Relevant + Constraints,22,544,136,136,34
0.47794117647058826,0.4856562275878556,0.640625,0.4606741573033708,0.5359477124183006,0.5023906287353573,0.6711031217513195,24,23,48,41,9,50,logistic_regression,Security-Relevant + Files/Tests,22,544,136,136,34
0.5220588235294118,0.5444656944776476,0.7,0.47191011235955055,0.5637583892617449,0.5559407124073632,0.7497667755736479,29,18,47,42,9,50,random_forest,Security-Relevant + Files/Tests,22,544,136,136,34
0.5220588235294118,0.4942624910351422,0.65,0.5842696629213483,0.6153846153846154,0.43927803012192207,0.6298395715162316,19,28,37,52,9,50,logistic_regression,Security-Relevant + Constraints + Files/Tests,28,544,136,136,34
0.5367647058823529,0.5306000478125747,0.6805555555555556,0.550561797752809,0.6086956521739131,0.5081281377002151,0.6974946237570758,24,23,40,49,9,50,random_forest,Security-Relevant + Constraints + Files/Tests,28,544,136,136,34
0.5514705882352942,0.5167344011475018,0.6666666666666666,0.6292134831460674,0.6473988439306358,0.43354052115706426,0.6304104096209712,19,28,33,56,9,50,logistic_regression,All semantic,35,544,136,136,34
0.4485294117647059,0.40294047334448957,0.5833333333333334,0.550561797752809,0.5664739884393064,0.4220655032273488,0.6347204019853321,12,35,40,49,9,50,random_forest,All semantic,35,544,136,136,34
0.625,0.6200433369447453,0.6346153846153846,0.5076923076923077,0.5641025641025641,0.4952329360780065,0.5476967348708386,52,19,32,33,10,51,logistic_regression,Security-Relevant Task Semantics,16,544,136,136,34
0.4632352941176471,0.46316359696641385,0.4411764705882353,0.46153846153846156,0.45112781954887216,0.5533044420368364,0.6408139515129274,33,38,35,30,10,51,random_forest,Security-Relevant Task Semantics,16,544,136,136,34
0.5661764705882353,0.5728060671722643,0.5340909090909091,0.7230769230769231,0.6143790849673203,0.5026002166847238,0.4716689771680774,30,41,18,47,10,51,logistic_regression,Constraints / requirements,6,544,136,136,34
0.5220588235294118,0.5208017334777899,0.5,0.49230769230769234,0.49612403100775193,0.4583965330444204,0.44667070388926783,39,32,33,32,10,51,random_forest,Constraints / requirements,6,544,136,136,34
0.5661764705882353,0.5702058504875406,0.5375,0.6615384615384615,0.593103448275862,0.6694474539544961,0.6605375053465733,34,37,22,43,10,51,logistic_regression,Files / tests / evidence,6,544,136,136,34
0.6102941176470589,0.6131094257854821,0.5789473684210527,0.676923076923077,0.624113475177305,0.5931744312026002,0.5817778541539536,39,32,21,44,10,51,random_forest,Files / tests / evidence,6,544,136,136,34
0.5661764705882353,0.5715059588299025,0.5357142857142857,0.6923076923076923,0.6040268456375839,0.6451787648970747,0.6513280207682611,32,39,20,45,10,51,logistic_regression,Task structure / complexity,3,544,136,136,34
0.6102941176470589,0.6170097508125677,0.5681818181818182,0.7692307692307693,0.6535947712418301,0.6109425785482124,0.5430952622991163,33,38,15,50,10,51,random_forest,Task structure / complexity,3,544,136,136,34
0.47794117647058826,0.5,0.47794117647058826,1.0,0.6467661691542289,0.5,0.47794117647058826,0,71,0,65,10,51,logistic_regression,Prompt template / context,4,544,136,136,34
0.5220588235294118,0.5,0.0,0.0,0.0,0.5,0.47794117647058826,71,0,65,0,10,51,random_forest,Prompt template / context,4,544,136,136,34
0.5220588235294118,0.5234019501625136,0.5,0.5538461538461539,0.5255474452554745,0.46143011917659815,0.46501751881544623,35,36,29,36,10,51,logistic_regression,Security-Relevant + Constraints,22,544,136,136,34
0.5514705882352942,0.5476706392199351,0.5357142857142857,0.46153846153846156,0.49586776859504134,0.6356446370530878,0.6446084614611567,45,26,35,30,10,51,random_forest,Security-Relevant + Constraints,22,544,136,136,34
0.47794117647058826,0.4739978331527628,0.44642857142857145,0.38461538461538464,0.4132231404958678,0.48483206933911166,0.5481730360541534,40,31,40,25,10,51,logistic_regression,Security-Relevant + Files/Tests,22,544,136,136,34
0.5220588235294118,0.528602383531961,0.5,0.676923076923077,0.5751633986928104,0.5342361863488625,0.5327146921486202,27,44,21,44,10,51,random_forest,Security-Relevant + Files/Tests,22,544,136,136,34
0.5514705882352942,0.5515709642470206,0.5294117647058824,0.5538461538461539,0.5413533834586466,0.4839653304442037,0.4935014035694719,39,32,29,36,10,51,logistic_regression,Security-Relevant + Constraints + Files/Tests,28,544,136,136,34
0.47794117647058826,0.4830985915492958,0.4642857142857143,0.6,0.5234899328859061,0.5368364030335862,0.5853980289968479,26,45,26,39,10,51,random_forest,Security-Relevant + Constraints + Files/Tests,28,544,136,136,34
0.4632352941176471,0.46446370530877573,0.4444444444444444,0.49230769230769234,0.46715328467153283,0.46695557963163603,0.5116467853473314,31,40,33,32,10,51,logistic_regression,All semantic,35,544,136,136,34
0.5514705882352942,0.5528710725893824,0.5277777777777778,0.5846153846153846,0.5547445255474452,0.5784398699891657,0.572668192921502,37,34,27,38,10,51,random_forest,All semantic,35,544,136,136,34
0.5661764705882353,0.5624052004333695,0.575,0.647887323943662,0.609271523178808,0.548320693391116,0.5690207046572207,31,34,25,46,11,52,logistic_regression,Security-Relevant Task Semantics,16,544,136,136,34
0.47794117647058826,0.4739978331527628,0.5,0.5633802816901409,0.5298013245033113,0.5689057421451787,0.5691300346390497,25,40,31,40,11,52,random_forest,Security-Relevant Task Semantics,16,544,136,136,34
0.5220588235294118,0.528602383531961,0.5625,0.38028169014084506,0.453781512605042,0.4267605633802817,0.5332718796992048,44,21,44,27,11,52,logistic_regression,Constraints / requirements,6,544,136,136,34
0.4632352941176471,0.46706392199349944,0.48214285714285715,0.38028169014084506,0.4251968503937008,0.4267605633802816,0.5207494725875871,36,29,44,27,11,52,random_forest,Constraints / requirements,6,544,136,136,34
0.4485294117647059,0.44452871072589384,0.475,0.5352112676056338,0.5033112582781457,0.44539544962080174,0.523801370123245,23,42,33,38,11,52,logistic_regression,Files / tests / evidence,6,544,136,136,34
0.4632352941176471,0.45666305525460454,0.48863636363636365,0.6056338028169014,0.5408805031446541,0.42026002166847237,0.515476760393089,20,45,28,43,11,52,random_forest,Files / tests / evidence,6,544,136,136,34
0.41911764705882354,0.4267605633802817,0.4090909090909091,0.2535211267605634,0.3130434782608696,0.4757313109425785,0.5083046508681363,39,26,53,18,11,52,logistic_regression,Task structure / complexity,3,544,136,136,34
0.5808823529411765,0.5771397616468039,0.5875,0.6619718309859155,0.6225165562913907,0.5351029252437703,0.5253025396074964,32,33,24,47,11,52,random_forest,Task structure / complexity,3,544,136,136,34
0.5220588235294118,0.5,0.5220588235294118,1.0,0.6859903381642513,0.5,0.5220588235294118,0,65,0,71,11,52,logistic_regression,Prompt template / context,4,544,136,136,34
0.5220588235294118,0.5,0.5220588235294118,1.0,0.6859903381642513,0.5,0.5220588235294118,0,65,0,71,11,52,random_forest,Prompt template / context,4,544,136,136,34
0.4485294117647059,0.45362946912242685,0.46153846153846156,0.3380281690140845,0.3902439024390244,0.4744312026002167,0.5365482709897929,37,28,47,24,11,52,logistic_regression,Security-Relevant + Constraints,22,544,136,136,34
0.5514705882352942,0.5580715059588299,0.6041666666666666,0.4084507042253521,0.48739495798319327,0.5585048754062838,0.6067079006954773,46,19,42,29,11,52,random_forest,Security-Relevant + Constraints,22,544,136,136,34
0.5220588235294118,0.5221018418201517,0.5441176470588235,0.5211267605633803,0.5323741007194245,0.4562296858071506,0.5416174376532883,34,31,34,37,11,52,logistic_regression,Security-Relevant + Files/Tests,22,544,136,136,34
0.5073529411764706,0.508667388949079,0.53125,0.4788732394366197,0.5037037037037037,0.5715059588299025,0.543367852383411,35,30,37,34,11,52,random_forest,Security-Relevant + Files/Tests,22,544,136,136,34
0.4485294117647059,0.4510292524377031,0.4666666666666667,0.39436619718309857,0.42748091603053434,0.4224268689057421,0.529944579034827,33,32,43,28,11,52,logistic_regression,Security-Relevant + Constraints + Files/Tests,28,544,136,136,34
0.5367647058823529,0.5433369447453954,0.5833333333333334,0.39436619718309857,0.47058823529411764,0.5827735644637053,0.5689126563680831,45,20,43,28,11,52,random_forest,Security-Relevant + Constraints + Files/Tests,28,544,136,136,34
0.4338235294117647,0.43629469122426867,0.45,0.38028169014084506,0.4122137404580153,0.4258938244853738,0.5200629419386988,32,33,44,27,11,52,logistic_regression,All semantic,35,544,136,136,34
0.47794117647058826,0.4778981581798483,0.5,0.4788732394366197,0.4892086330935252,0.46923076923076923,0.5006823472768189,31,34,37,34,11,52,random_forest,All semantic,35,544,136,136,34
0.5441176470588235,0.5355902777777778,0.5568181818181818,0.6805555555555556,0.6125,0.5389539930555556,0.5646844566521514,25,39,23,49,12,53,logistic_regression,Security-Relevant Task Semantics,16,544,136,136,34
0.6323529411764706,0.6345486111111112,0.671875,0.5972222222222222,0.6323529411764706,0.6527777777777778,0.7400222517984467,43,21,29,43,12,53,random_forest,Security-Relevant Task Semantics,16,544,136,136,34
0.5,0.5017361111111112,0.53125,0.4722222222222222,0.5,0.509548611111111,0.6156602049159674,34,30,38,34,12,53,logistic_regression,Constraints / requirements,6,544,136,136,34
0.4852941176470588,0.4765625,0.5113636363636364,0.625,0.5625,0.4748263888888889,0.5587427827979121,21,43,27,45,12,53,random_forest,Constraints / requirements,6,544,136,136,34
0.4117647058823529,0.4201388888888889,0.4166666666666667,0.2777777777777778,0.3333333333333333,0.5052083333333333,0.5108135348810217,36,28,52,20,12,53,logistic_regression,Files / tests / evidence,6,544,136,136,34
0.45588235294117646,0.4522569444444444,0.4868421052631579,0.5138888888888888,0.5,0.5026041666666666,0.5407973008005914,25,39,35,37,12,53,random_forest,Files / tests / evidence,6,544,136,136,34
0.39705882352941174,0.4123263888888889,0.34375,0.1527777777777778,0.21153846153846154,0.5494791666666667,0.5288921100685806,43,21,61,11,12,53,logistic_regression,Task structure / complexity,3,544,136,136,34
0.5882352941176471,0.5868055555555556,0.6111111111111112,0.6111111111111112,0.6111111111111112,0.671875,0.6963911013860304,36,28,28,44,12,53,random_forest,Task structure / complexity,3,544,136,136,34
0.5294117647058824,0.5,0.5294117647058824,1.0,0.6923076923076923,0.5,0.5294117647058824,0,64,0,72,12,53,logistic_regression,Prompt template / context,4,544,136,136,34
0.47058823529411764,0.5,0.0,0.0,0.0,0.5,0.5294117647058824,64,0,72,0,12,53,random_forest,Prompt template / context,4,544,136,136,34
0.5588235294117647,0.5607638888888888,0.59375,0.5277777777777778,0.5588235294117647,0.525173611111111,0.5708583840436373,38,26,34,38,12,53,logistic_regression,Security-Relevant + Constraints,22,544,136,136,34
0.5735294117647058,0.5772569444444444,0.6166666666666667,0.5138888888888888,0.5606060606060606,0.6076388888888888,0.6852550212256676,41,23,35,37,12,53,random_forest,Security-Relevant + Constraints,22,544,136,136,34
0.5735294117647058,0.5668402777777778,0.5833333333333334,0.6805555555555556,0.6282051282051282,0.48784722222222227,0.5160236832299274,29,35,23,49,12,53,logistic_regression,Security-Relevant + Files/Tests,22,544,136,136,34
0.5441176470588235,0.5442708333333333,0.5735294117647058,0.5416666666666666,0.5571428571428572,0.625,0.6852504364044588,35,29,33,39,12,53,random_forest,Security-Relevant + Files/Tests,22,544,136,136,34
0.5,0.4982638888888889,0.5277777777777778,0.5277777777777778,0.5277777777777778,0.47059461805555564,0.520348664534731,30,34,34,38,12,53,logistic_regression,Security-Relevant + Constraints + Files/Tests,28,544,136,136,34
0.6029411764705882,0.6102430555555556,0.6730769230769231,0.4861111111111111,0.5645161290322581,0.6822916666666667,0.7297130999950602,47,17,37,35,12,53,random_forest,Security-Relevant + Constraints + Files/Tests,28,544,136,136,34
0.4411764705882353,0.4392361111111111,0.4722222222222222,0.4722222222222222,0.4722222222222222,0.4480251736111111,0.5033726634710862,26,38,38,34,12,53,logistic_regression,All semantic,35,544,136,136,34
0.6323529411764706,0.6241319444444444,0.625,0.7638888888888888,0.6875,0.697048611111111,0.7600491907783574,31,33,17,55,12,53,random_forest,All semantic,35,544,136,136,34
0.5514705882352942,0.5495759947814742,0.515625,0.5238095238095238,0.5196850393700787,0.5774081322026527,0.6032282882965083,42,31,30,33,13,54,logistic_regression,Security-Relevant Task Semantics,16,544,136,136,34
0.6102941176470589,0.6108936725375081,0.5735294117647058,0.6190476190476191,0.5954198473282443,0.6648184387910415,0.5775611332334022,44,29,24,39,13,54,random_forest,Security-Relevant Task Semantics,16,544,136,136,34
0.5073529411764706,0.5117416829745597,0.47368421052631576,0.5714285714285714,0.5179856115107914,0.4552076538377908,0.4457993926800972,33,40,27,36,13,54,logistic_regression,Constraints / requirements,6,544,136,136,34
0.47794117647058826,0.4691237225483801,0.4230769230769231,0.3492063492063492,0.3826086956521739,0.45868667101543814,0.4797716905790836,43,30,41,22,13,54,random_forest,Constraints / requirements,6,544,136,136,34
0.47794117647058826,0.47129810828440966,0.42857142857142855,0.38095238095238093,0.40336134453781514,0.423896499238965,0.4455525751536861,41,32,39,24,13,54,logistic_regression,Files / tests / evidence,6,544,136,136,34
0.5220588235294118,0.5243531202435312,0.4861111111111111,0.5555555555555556,0.5185185185185185,0.47738638834529246,0.4759556703527798,36,37,28,35,13,54,random_forest,Files / tests / evidence,6,544,136,136,34
0.49264705882352944,0.4882583170254403,0.45,0.42857142857142855,0.43902439024390244,0.5852359208523592,0.5543454913159284,40,33,36,27,13,54,logistic_regression,Task structure / complexity,3,544,136,136,34
0.5955882352941176,0.5961078495325071,0.5588235294117647,0.6031746031746031,0.5801526717557252,0.5948032180908893,0.5383093944668741,43,30,25,38,13,54,random_forest,Task structure / complexity,3,544,136,136,34
0.4632352941176471,0.5,0.4632352941176471,1.0,0.6331658291457286,0.5,0.4632352941176471,0,73,0,63,13,54,logistic_regression,Prompt template / context,4,544,136,136,34
0.5367647058823529,0.5,0.0,0.0,0.0,0.5,0.4632352941176471,73,0,63,0,13,54,random_forest,Prompt template / context,4,544,136,136,34
0.41911764705882354,0.418677973472494,0.38235294117647056,0.4126984126984127,0.3969465648854962,0.47434224831485106,0.5051216586034277,31,42,37,26,13,54,logistic_regression,Security-Relevant + Constraints,22,544,136,136,34
0.5073529411764706,0.5095672972385301,0.4722222222222222,0.5396825396825397,0.5037037037037037,0.510002174385736,0.5037206229721397,35,38,29,34,13,54,random_forest,Security-Relevant + Constraints,22,544,136,136,34
0.5220588235294118,0.5243531202435312,0.4861111111111111,0.5555555555555556,0.5185185185185185,0.5665362035225049,0.5296359685292091,36,37,28,35,13,54,logistic_regression,Security-Relevant + Files/Tests,22,544,136,136,34
0.6102941176470589,0.6174168297455969,0.5625,0.7142857142857143,0.6293706293706294,0.6874320504457491,0.7068480718560911,38,35,18,45,13,54,random_forest,Security-Relevant + Files/Tests,22,544,136,136,34
0.4485294117647059,0.4547727766905849,0.425,0.5396825396825397,0.4755244755244755,0.48303979125896934,0.4929206077284845,27,46,29,34,13,54,logistic_regression,Security-Relevant + Constraints + Files/Tests,28,544,136,136,34
0.5808823529411765,0.581322026527506,0.5441176470588235,0.5873015873015873,0.5648854961832062,0.5830615351163297,0.5301903605019247,42,31,26,37,13,54,random_forest,Security-Relevant + Constraints + Files/Tests,28,544,136,136,34
0.4485294117647059,0.4547727766905849,0.425,0.5396825396825397,0.4755244755244755,0.4951076320939335,0.5129215141015714,27,46,29,34,13,54,logistic_regression,All semantic,35,544,136,136,34
0.6102941176470589,0.6174168297455969,0.5625,0.7142857142857143,0.6293706293706294,0.6300282670145684,0.5992880875558856,38,35,18,45,13,54,random_forest,All semantic,35,544,136,136,34
0.5661764705882353,0.522950035859431,0.375,0.3829787234042553,0.37894736842105264,0.6004064068850108,0.4213455387351131,59,30,29,18,14,55,logistic_regression,Security-Relevant Task Semantics,16,544,136,136,34
0.5073529411764706,0.5482907004542195,0.38095238095238093,0.6808510638297872,0.48854961832061067,0.5822376284962945,0.4160217992602897,37,52,15,32,14,55,random_forest,Security-Relevant Task Semantics,16,544,136,136,34
0.47794117647058826,0.5057375089648577,0.35,0.5957446808510638,0.4409448818897638,0.5301219220655032,0.40472302259692744,37,52,19,28,14,55,logistic_regression,Constraints / requirements,6,544,136,136,34
0.5955882352941176,0.5855845087257949,0.43333333333333335,0.5531914893617021,0.48598130841121495,0.5463781974659335,0.4399236517414131,55,34,21,26,14,55,random_forest,Constraints / requirements,6,544,136,136,34
0.5367647058823529,0.5004781257470714,0.34615384615384615,0.3829787234042553,0.36363636363636365,0.5640688501075783,0.390523261499667,55,34,29,18,14,55,logistic_regression,Files / tests / evidence,6,544,136,136,34
0.47794117647058826,0.5157781496533589,0.35714285714285715,0.6382978723404256,0.4580152671755725,0.453143676786995,0.3203277446772499,35,54,17,30,14,55,random_forest,Files / tests / evidence,6,544,136,136,34
0.49264705882352944,0.4717905809227827,0.31666666666666665,0.40425531914893614,0.35514018691588783,0.5014343772412144,0.3680499371464394,48,41,28,19,14,55,logistic_regression,Task structure / complexity,3,544,136,136,34
0.49264705882352944,0.5420750657422903,0.375,0.7021276595744681,0.4888888888888889,0.6353095864212288,0.5556258398302603,34,55,14,33,14,55,random_forest,Task structure / complexity,3,544,136,136,34
0.34558823529411764,0.5,0.34558823529411764,1.0,0.5136612021857924,0.5,0.34558823529411764,0,89,0,47,14,55,logistic_regression,Prompt template / context,4,544,136,136,34
0.34558823529411764,0.5,0.34558823529411764,1.0,0.5136612021857924,0.5,0.34558823529411764,0,89,0,47,14,55,random_forest,Prompt template / context,4,544,136,136,34
0.5514705882352942,0.49665311977049964,0.3409090909090909,0.3191489361702128,0.32967032967032966,0.5329906765479322,0.37052178083549536,60,29,32,15,14,55,logistic_regression,Security-Relevant + Constraints,22,544,136,136,34
0.49264705882352944,0.49187186229978486,0.3382352941176471,0.48936170212765956,0.4,0.5607219698780779,0.4302346682552309,44,45,24,23,14,55,random_forest,Security-Relevant + Constraints,22,544,136,136,34
0.5955882352941176,0.5655032273487928,0.4230769230769231,0.46808510638297873,0.4444444444444444,0.6056657901027971,0.4172074036781567,59,30,25,22,14,55,logistic_regression,Security-Relevant + Files/Tests,22,544,136,136,34
0.4485294117647059,0.4732249581639971,0.325,0.5531914893617021,0.4094488188976378,0.47944059287592633,0.3448041706252914,35,54,21,26,14,55,random_forest,Security-Relevant + Files/Tests,22,544,136,136,34
0.5514705882352942,0.49665311977049964,0.3409090909090909,0.3191489361702128,0.32967032967032966,0.582715754243366,0.38825832594606063,60,29,32,15,14,55,logistic_regression,Security-Relevant + Constraints + Files/Tests,28,544,136,136,34
0.5514705882352942,0.5669376045900072,0.4027777777777778,0.6170212765957447,0.48739495798319327,0.5827157542433661,0.4507923769729359,46,43,18,29,14,55,random_forest,Security-Relevant + Constraints + Files/Tests,28,544,136,136,34
0.49264705882352944,0.4316280181687784,0.25,0.23404255319148937,0.24175824175824176,0.4959359311498925,0.34136869265180897,56,33,36,11,14,55,logistic_regression,All semantic,35,544,136,136,34
0.40441176470588236,0.4144154912742051,0.27631578947368424,0.44680851063829785,0.34146341463414637,0.47657183839349754,0.4083193576930708,34,55,26,21,14,55,random_forest,All semantic,35,544,136,136,34
0.5,0.4965277777777778,0.4666666666666667,0.4375,0.45161290322580644,0.43305121527777773,0.5105170028431523,40,32,36,28,15,56,logistic_regression,Security-Relevant Task Semantics,16,544,136,136,34
0.6029411764705882,0.5946180555555556,0.6041666666666666,0.453125,0.5178571428571429,0.626736111111111,0.6388621847280819,53,19,35,29,15,56,random_forest,Security-Relevant Task Semantics,16,544,136,136,34
0.47058823529411764,0.4704861111111111,0.4411764705882353,0.46875,0.45454545454545453,0.3888888888888889,0.4142423927348545,34,38,34,30,15,56,logistic_regression,Constraints / requirements,6,544,136,136,34
0.4117647058823529,0.41666666666666663,0.4,0.5,0.4444444444444444,0.4539930555555556,0.5164892643911376,24,48,32,32,15,56,random_forest,Constraints / requirements,6,544,136,136,34
0.5441176470588235,0.5494791666666666,0.5125,0.640625,0.5694444444444444,0.5052083333333333,0.49232519832105437,33,39,23,41,15,56,logistic_regression,Files / tests / evidence,6,544,136,136,34
0.5,0.5069444444444444,0.47619047619047616,0.625,0.5405405405405406,0.5290798611111112,0.4901582874002805,28,44,24,40,15,56,random_forest,Files / tests / evidence,6,544,136,136,34
0.5882352941176471,0.5868055555555556,0.5625,0.5625,0.5625,0.5694444444444444,0.5480944198555205,44,28,28,36,15,56,logistic_regression,Task structure / complexity,3,544,136,136,34
0.5,0.4947916666666667,0.4642857142857143,0.40625,0.43333333333333335,0.53515625,0.5042959535083225,42,30,38,26,15,56,random_forest,Task structure / complexity,3,544,136,136,34
0.47058823529411764,0.5,0.47058823529411764,1.0,0.64,0.5,0.47058823529411764,0,72,0,64,15,56,logistic_regression,Prompt template / context,4,544,136,136,34
0.47058823529411764,0.5,0.47058823529411764,1.0,0.64,0.5,0.47058823529411764,0,72,0,64,15,56,random_forest,Prompt template / context,4,544,136,136,34
0.38235294117647056,0.3819444444444444,0.35294117647058826,0.375,0.36363636363636365,0.3836805555555556,0.43205987500079046,28,44,40,24,15,56,logistic_regression,Security-Relevant + Constraints,22,544,136,136,34
0.5441176470588235,0.5407986111111112,0.5166666666666667,0.484375,0.5,0.6171875,0.6259360094261344,43,29,33,31,15,56,random_forest,Security-Relevant + Constraints,22,544,136,136,34
0.4264705882352941,0.4296875,0.40789473684210525,0.484375,0.44285714285714284,0.4921875,0.5508426994657952,27,45,33,31,15,56,logistic_regression,Security-Relevant + Files/Tests,22,544,136,136,34
0.6323529411764706,0.6310763888888888,0.609375,0.609375,0.609375,0.671875,0.7089249937332519,47,25,25,39,15,56,random_forest,Security-Relevant + Files/Tests,22,544,136,136,34
0.3382352941176471,0.3446180555555556,0.34523809523809523,0.453125,0.3918918918918919,0.4052734375,0.44774174103716163,17,55,35,29,15,56,logistic_regression,Security-Relevant + Constraints + Files/Tests,28,544,136,136,34
0.5735294117647058,0.5824652777777778,0.5340909090909091,0.734375,0.618421052631579,0.6145833333333334,0.6219271461981438,31,41,17,47,15,56,random_forest,Security-Relevant + Constraints + Files/Tests,28,544,136,136,34
0.4117647058823529,0.4201388888888889,0.4090909090909091,0.5625,0.47368421052631576,0.46256510416666674,0.4863384181426946,20,52,28,36,15,56,logistic_regression,All semantic,35,544,136,136,34
0.6323529411764706,0.6414930555555556,0.5795454545454546,0.796875,0.6710526315789473,0.6935763888888888,0.7001322895854145,35,37,13,51,15,56,random_forest,All semantic,35,544,136,136,34
0.6176470588235294,0.6267857142857143,0.5277777777777778,0.6785714285714286,0.59375,0.5709821428571429,0.513445277719413,46,34,18,38,16,57,logistic_regression,Security-Relevant Task Semantics,16,544,136,136,34
0.6911764705882353,0.6866071428571429,0.6166666666666667,0.6607142857142857,0.6379310344827587,0.7450892857142858,0.6315300520460709,57,23,19,37,16,57,random_forest,Security-Relevant Task Semantics,16,544,136,136,34
0.5882352941176471,0.5857142857142856,0.5,0.5714285714285714,0.5333333333333333,0.5883928571428572,0.514242407874521,48,32,24,32,16,57,logistic_regression,Constraints / requirements,6,544,136,136,34
0.5294117647058824,0.525,0.4375,0.5,0.4666666666666667,0.4642857142857143,0.425745303859567,44,36,28,28,16,57,random_forest,Constraints / requirements,6,544,136,136,34
0.5588235294117647,0.5285714285714286,0.45454545454545453,0.35714285714285715,0.4,0.6227678571428572,0.5161997633740089,56,24,36,20,16,57,logistic_regression,Files / tests / evidence,6,544,136,136,34
0.6176470588235294,0.6107142857142858,0.5333333333333333,0.5714285714285714,0.5517241379310345,0.5995535714285715,0.49754659273889335,52,28,24,32,16,57,random_forest,Files / tests / evidence,6,544,136,136,34
0.6764705882352942,0.6982142857142857,0.575,0.8214285714285714,0.6764705882352942,0.7348214285714285,0.6651202940690446,46,34,10,46,16,57,logistic_regression,Task structure / complexity,3,544,136,136,34
0.5588235294117647,0.5767857142857142,0.475,0.6785714285714286,0.5588235294117647,0.6330357142857144,0.538544411506368,38,42,18,38,16,57,random_forest,Task structure / complexity,3,544,136,136,34
0.4117647058823529,0.5,0.4117647058823529,1.0,0.5833333333333334,0.5,0.4117647058823529,0,80,0,56,16,57,logistic_regression,Prompt template / context,4,544,136,136,34
0.4117647058823529,0.5,0.4117647058823529,1.0,0.5833333333333334,0.5,0.4117647058823529,0,80,0,56,16,57,random_forest,Prompt template / context,4,544,136,136,34
0.5882352941176471,0.5910714285714285,0.5,0.6071428571428571,0.5483870967741935,0.6160714285714285,0.5639790857347815,46,34,22,34,16,57,logistic_regression,Security-Relevant + Constraints,22,544,136,136,34
0.6470588235294118,0.6464285714285715,0.5625,0.6428571428571429,0.6,0.6794642857142856,0.6459910329346386,52,28,20,36,16,57,random_forest,Security-Relevant + Constraints,22,544,136,136,34
0.5882352941176471,0.5910714285714285,0.5,0.6071428571428571,0.5483870967741935,0.6056919642857143,0.5367880908767222,46,34,22,34,16,57,logistic_regression,Security-Relevant + Files/Tests,22,544,136,136,34
0.6323529411764706,0.6258928571428571,0.55,0.5892857142857143,0.5689655172413793,0.7178571428571429,0.6283284585497318,53,27,23,33,16,57,random_forest,Security-Relevant + Files/Tests,22,544,136,136,34
0.6029411764705882,0.6116071428571428,0.5138888888888888,0.6607142857142857,0.578125,0.6235491071428572,0.5544016257642349,45,35,19,37,16,57,logistic_regression,Security-Relevant + Constraints + Files/Tests,28,544,136,136,34
0.6029411764705882,0.5955357142857143,0.5166666666666667,0.5535714285714286,0.5344827586206896,0.6857142857142857,0.6244588016707425,51,29,25,31,16,57,random_forest,Security-Relevant + Constraints + Files/Tests,28,544,136,136,34
0.6323529411764706,0.6366071428571429,0.5441176470588235,0.6607142857142857,0.5967741935483871,0.6491071428571429,0.5654573370876999,49,31,19,37,16,57,logistic_regression,All semantic,35,544,136,136,34
0.6617647058823529,0.6616071428571428,0.578125,0.6607142857142857,0.6166666666666667,0.7053571428571429,0.5795936904377688,53,27,19,37,16,57,random_forest,All semantic,35,544,136,136,34
0.5367647058823529,0.5230957139684654,0.44642857142857145,0.43859649122807015,0.4424778761061947,0.5510770597379525,0.4478196658741227,48,31,32,25,17,58,logistic_regression,Security-Relevant Task Semantics,16,544,136,136,34
0.5220588235294118,0.5373084610259826,0.45,0.631578947368421,0.5255474452554745,0.5768376637797024,0.4809621783927461,35,44,21,36,17,58,random_forest,Security-Relevant Task Semantics,16,544,136,136,34
0.5514705882352942,0.5577392849211636,0.4722222222222222,0.5964912280701754,0.5271317829457365,0.6181434599156118,0.5776899166808376,41,38,23,34,17,58,logistic_regression,Constraints / requirements,6,544,136,136,34
0.6102941176470589,0.6034865645125471,0.5333333333333333,0.5614035087719298,0.5470085470085471,0.5843881856540083,0.4705124939296943,51,28,25,32,17,58,random_forest,Constraints / requirements,6,544,136,136,34
0.49264705882352944,0.5119920053297802,0.42857142857142855,0.631578947368421,0.5106382978723404,0.5395292027537197,0.4811995075947771,31,48,21,36,17,58,logistic_regression,Files / tests / evidence,6,544,136,136,34
0.40441176470588236,0.4213857428381079,0.35714285714285715,0.5263157894736842,0.425531914893617,0.4355984898956251,0.43797821508575746,25,54,27,30,17,58,random_forest,Files / tests / evidence,6,544,136,136,34
0.6102941176470589,0.6034865645125471,0.5333333333333333,0.5614035087719298,0.5470085470085471,0.6661114812347324,0.5994650341242798,51,28,25,32,17,58,logistic_regression,Task structure / complexity,3,544,136,136,34
0.5073529411764706,0.5368643126804353,0.44565217391304346,0.7192982456140351,0.5503355704697986,0.49067288474350435,0.39713886326290776,28,51,16,41,17,58,random_forest,Task structure / complexity,3,544,136,136,34
0.41911764705882354,0.5,0.41911764705882354,1.0,0.5906735751295337,0.5,0.41911764705882354,0,79,0,57,17,58,logistic_regression,Prompt template / context,4,544,136,136,34
0.41911764705882354,0.5,0.41911764705882354,1.0,0.5906735751295337,0.5,0.41911764705882354,0,79,0,57,17,58,random_forest,Prompt template / context,4,544,136,136,34
0.6397058823529411,0.6336886520097713,0.5666666666666667,0.5964912280701754,0.5811965811965812,0.5990450810570731,0.48448214510290066,53,26,23,34,17,58,logistic_regression,Security-Relevant + Constraints,22,544,136,136,34
0.6102941176470589,0.5888296691094825,0.5416666666666666,0.45614035087719296,0.49523809523809526,0.6230290917166333,0.5067023427700907,57,22,31,26,17,58,random_forest,Security-Relevant + Constraints,22,544,136,136,34
0.5514705882352942,0.5626249167221852,0.47368421052631576,0.631578947368421,0.5413533834586466,0.5768376637797024,0.4869276173048883,39,40,21,36,17,58,logistic_regression,Security-Relevant + Files/Tests,22,544,136,136,34
0.5220588235294118,0.5324228292249611,0.4473684210526316,0.5964912280701754,0.5112781954887218,0.5670664001776593,0.6054683222896662,37,42,23,34,17,58,random_forest,Security-Relevant + Files/Tests,22,544,136,136,34
0.5514705882352942,0.5626249167221852,0.47368421052631576,0.631578947368421,0.5413533834586466,0.5928270042194093,0.5214178027586961,39,40,21,36,17,58,logistic_regression,Security-Relevant + Constraints + Files/Tests,28,544,136,136,34
0.4632352941176471,0.4964468132356207,0.4166666666666667,0.7017543859649122,0.5228758169934641,0.42671552298467685,0.44840416443089937,23,56,17,40,17,58,random_forest,Security-Relevant + Constraints + Files/Tests,28,544,136,136,34
0.5808823529411765,0.5977126360204308,0.5,0.7017543859649122,0.583941605839416,0.5901621141461247,0.5258355548921563,39,40,17,40,17,58,logistic_regression,All semantic,35,544,136,136,34
0.5367647058823529,0.581723295580724,0.47115384615384615,0.8596491228070176,0.6086956521739131,0.5981567843659783,0.5006936072651006,24,55,8,49,17,58,random_forest,All semantic,35,544,136,136,34
0.4485294117647059,0.4324894514767932,0.3392857142857143,0.3333333333333333,0.336283185840708,0.4098378858538752,0.3776130048016428,42,37,38,19,18,59,logistic_regression,Security-Relevant Task Semantics,16,544,136,136,34
0.34558823529411764,0.30723961803242283,0.1,0.07017543859649122,0.08247422680412371,0.3840772818121252,0.3600394598506461,43,36,53,4,18,59,random_forest,Security-Relevant Task Semantics,16,544,136,136,34
0.5955882352941176,0.5883855207639352,0.5166666666666667,0.543859649122807,0.5299145299145299,0.5626249167221852,0.5112435899672103,50,29,26,31,18,59,logistic_regression,Constraints / requirements,6,544,136,136,34
0.5661764705882353,0.5630690650677326,0.484375,0.543859649122807,0.512396694214876,0.6248056850988232,0.5435595701598024,46,33,26,31,18,59,random_forest,Constraints / requirements,6,544,136,136,34
0.47794117647058826,0.45780590717299574,0.36538461538461536,0.3333333333333333,0.3486238532110092,0.5235398623140128,0.43548549769156736,46,33,38,19,18,59,logistic_regression,Files / tests / evidence,6,544,136,136,34
0.6102941176470589,0.6083721963135686,0.53125,0.5964912280701754,0.5619834710743802,0.6869864534754608,0.5713487335391361,49,30,23,34,18,59,random_forest,Files / tests / evidence,6,544,136,136,34
0.5514705882352942,0.5577392849211636,0.4722222222222222,0.5964912280701754,0.5271317829457365,0.609704641350211,0.483900877051966,41,38,23,34,18,59,logistic_regression,Task structure / complexity,3,544,136,136,34
0.6102941176470589,0.6279147235176549,0.525,0.7368421052631579,0.6131386861313869,0.6354652453919609,0.5042389380544606,41,38,15,42,18,59,random_forest,Task structure / complexity,3,544,136,136,34
0.41911764705882354,0.5,0.41911764705882354,1.0,0.5906735751295337,0.5,0.41911764705882354,0,79,0,57,18,59,logistic_regression,Prompt template / context,4,544,136,136,34
0.5808823529411765,0.5,0.0,0.0,0.0,0.5,0.41911764705882354,79,0,57,0,18,59,random_forest,Prompt template / context,4,544,136,136,34
0.4338235294117647,0.4222740395292027,0.3333333333333333,0.3508771929824561,0.3418803418803419,0.43826337996890957,0.43057469316031594,39,40,37,20,18,59,logistic_regression,Security-Relevant + Constraints,22,544,136,136,34
0.5073529411764706,0.49289362647124135,0.4107142857142857,0.40350877192982454,0.40707964601769914,0.4702420608483233,0.4831607637732176,46,33,34,23,18,59,random_forest,Security-Relevant + Constraints,22,544,136,136,34
0.3897058823529412,0.3818565400843882,0.296875,0.3333333333333333,0.3140495867768595,0.3982900288696425,0.37186654052590173,34,45,38,19,18,59,logistic_regression,Security-Relevant + Files/Tests,22,544,136,136,34
0.49264705882352944,0.4729069509216078,0.38461538461538464,0.3508771929824561,0.3669724770642202,0.5404174994448145,0.4987769805300765,47,32,37,20,18,59,random_forest,Security-Relevant + Files/Tests,22,544,136,136,34
0.34558823529411764,0.32678214523650895,0.21428571428571427,0.21052631578947367,0.21238938053097345,0.39817899178325555,0.36423435590145287,35,44,45,12,18,59,logistic_regression,Security-Relevant + Constraints + Files/Tests,28,544,136,136,34
0.5514705882352942,0.5381967577170774,0.4642857142857143,0.45614035087719296,0.46017699115044247,0.639906728847435,0.6032612120539677,49,30,31,26,18,59,random_forest,Security-Relevant + Constraints + Files/Tests,28,544,136,136,34
0.4632352941176471,0.4475904952254053,0.35714285714285715,0.3508771929824561,0.35398230088495575,0.4169442593826338,0.37357836265324373,43,36,37,20,18,59,logistic_regression,All semantic,35,544,136,136,34
0.5808823529411765,0.5683988452143016,0.5,0.49122807017543857,0.49557522123893805,0.6319120586275816,0.5825277421912924,51,28,29,28,18,59,random_forest,All semantic,35,544,136,136,34
0.6176470588235294,0.6098901098901099,0.5,0.5769230769230769,0.5357142857142857,0.6291208791208791,0.5186117731868352,54,30,22,30,19,60,logistic_regression,Security-Relevant Task Semantics,16,544,136,136,34
0.6764705882352942,0.6868131868131868,0.5588235294117647,0.7307692307692307,0.6333333333333333,0.7161172161172161,0.6497198698960869,54,30,14,38,19,60,random_forest,Security-Relevant Task Semantics,16,544,136,136,34
0.4264705882352941,0.4075091575091575,0.2833333333333333,0.3269230769230769,0.30357142857142855,0.48122710622710624,0.3871786183048181,41,43,35,17,19,60,logistic_regression,Constraints / requirements,6,544,136,136,34
0.4852941176470588,0.4624542124542125,0.3392857142857143,0.36538461538461536,0.35185185185185186,0.45100732600732607,0.3791824407962179,47,37,33,19,19,60,random_forest,Constraints / requirements,6,544,136,136,34
0.5882352941176471,0.5714285714285714,0.4642857142857143,0.5,0.48148148148148145,0.597985347985348,0.475180081905902,54,30,26,26,19,60,logistic_regression,Files / tests / evidence,6,544,136,136,34
0.6029411764705882,0.608974358974359,0.4852941176470588,0.6346153846153846,0.55,0.6117216117216117,0.4977030470249288,49,35,19,33,19,60,random_forest,Files / tests / evidence,6,544,136,136,34
0.5735294117647058,0.5485347985347986,0.4423076923076923,0.4423076923076923,0.4423076923076923,0.6071428571428572,0.4570390960671097,55,29,29,23,19,60,logistic_regression,Task structure / complexity,3,544,136,136,34
0.5294117647058824,0.5164835164835164,0.4,0.46153846153846156,0.42857142857142855,0.5567765567765568,0.4026382685941509,48,36,28,24,19,60,random_forest,Task structure / complexity,3,544,136,136,34
0.38235294117647056,0.5,0.38235294117647056,1.0,0.5531914893617021,0.5,0.38235294117647056,0,84,0,52,19,60,logistic_regression,Prompt template / context,4,544,136,136,34
0.6176470588235294,0.5,0.0,0.0,0.0,0.5,0.38235294117647056,84,0,52,0,19,60,random_forest,Prompt template / context,4,544,136,136,34
0.5588235294117647,0.5622710622710623,0.4411764705882353,0.5769230769230769,0.5,0.5786401098901099,0.45739328124003054,46,38,22,30,19,60,logistic_regression,Security-Relevant + Constraints,22,544,136,136,34
0.6470588235294118,0.6336996336996337,0.5357142857142857,0.5769230769230769,0.5555555555555556,0.6510989010989011,0.6019174788886328,58,26,22,30,19,60,random_forest,Security-Relevant + Constraints,22,544,136,136,34
0.6470588235294118,0.641025641025641,0.5333333333333333,0.6153846153846154,0.5714285714285714,0.6309523809523809,0.4785313999247582,56,28,20,32,19,60,logistic_regression,Security-Relevant + Files/Tests,22,544,136,136,34
0.5882352941176471,0.6153846153846154,0.475,0.7307692307692307,0.5757575757575758,0.7197802197802199,0.6815954374926148,42,42,14,38,19,60,random_forest,Security-Relevant + Files/Tests,22,544,136,136,34
0.5294117647058824,0.5311355311355311,0.4117647058823529,0.5384615384615384,0.4666666666666667,0.567651098901099,0.4231086766501859,44,40,24,28,19,60,logistic_regression,Security-Relevant + Constraints + Files/Tests,28,544,136,136,34
0.6764705882352942,0.6648351648351649,0.5714285714285714,0.6153846153846154,0.5925925925925926,0.7197802197802198,0.5864701004124081,60,24,20,32,19,60,random_forest,Security-Relevant + Constraints + Files/Tests,28,544,136,136,34
0.5882352941176471,0.5787545787545787,0.4666666666666667,0.5384615384615384,0.5,0.5622710622710623,0.4231552198296002,52,32,24,28,19,60,logistic_regression,All semantic,35,544,136,136,34
0.6323529411764706,0.6327838827838828,0.515625,0.6346153846153846,0.5689655172413793,0.7371794871794872,0.6352152382978175,53,31,19,33,19,60,random_forest,All semantic,35,544,136,136,34
0.5073529411764706,0.46862745098039216,0.6022727272727273,0.6235294117647059,0.6127167630057804,0.42018454440599773,0.5783925832016136,16,35,32,53,20,61,logistic_regression,Security-Relevant Task Semantics,16,544,136,136,34
0.6102941176470589,0.5941176470588235,0.7,0.6588235294117647,0.6787878787878788,0.5987312572087659,0.7461166088068691,27,24,29,56,20,61,random_forest,Security-Relevant Task Semantics,16,544,136,136,34
0.625,0.6254901960784314,0.7361111111111112,0.6235294117647059,0.6751592356687898,0.6074971164936562,0.7302966607677335,32,19,32,53,20,61,logistic_regression,Constraints / requirements,6,544,136,136,34
0.49264705882352944,0.5,0.625,0.47058823529411764,0.5369127516778524,0.5401384083044982,0.6809067675422471,27,24,45,40,20,61,random_forest,Constraints / requirements,6,544,136,136,34
0.4338235294117647,0.4372549019607843,0.5625,0.4235294117647059,0.48322147651006714,0.3841983852364475,0.589861888668934,23,28,49,36,20,61,logistic_regression,Files / tests / evidence,6,544,136,136,34
0.47794117647058826,0.4764705882352941,0.6029411764705882,0.4823529411764706,0.5359477124183006,0.46170703575547867,0.6667030588300307,24,27,44,41,20,61,random_forest,Files / tests / evidence,6,544,136,136,34
0.5220588235294118,0.5941176470588235,0.8125,0.3058823529411765,0.4444444444444444,0.6605536332179931,0.7627869819191335,45,6,59,26,20,61,logistic_regression,Task structure / complexity,3,544,136,136,34
0.5808823529411765,0.5313725490196078,0.6458333333333334,0.7294117647058823,0.6850828729281768,0.47047289504036915,0.5997694648503507,17,34,23,62,20,61,random_forest,Task structure / complexity,3,544,136,136,34
0.625,0.5,0.625,1.0,0.7692307692307693,0.5,0.625,0,51,0,85,20,61,logistic_regression,Prompt template / context,4,544,136,136,34
0.625,0.5,0.625,1.0,0.7692307692307693,0.5,0.625,0,51,0,85,20,61,random_forest,Prompt template / context,4,544,136,136,34
0.47794117647058826,0.44509803921568625,0.5833333333333334,0.5764705882352941,0.5798816568047337,0.4506343713956171,0.6125770852521567,16,35,36,49,20,61,logistic_regression,Security-Relevant + Constraints,22,544,136,136,34
0.5808823529411765,0.6098039215686275,0.75,0.49411764705882355,0.5957446808510638,0.5539792387543252,0.6464580573083922,37,14,43,42,20,61,random_forest,Security-Relevant + Constraints,22,544,136,136,34
0.4632352941176471,0.4450980392156863,0.5789473684210527,0.5176470588235295,0.546583850931677,0.3731257208765859,0.565333690924789,19,32,41,44,20,61,logistic_regression,Security-Relevant + Files/Tests,22,544,136,136,34
0.4338235294117647,0.4294117647058824,0.5588235294117647,0.4470588235294118,0.49673202614379086,0.4284890426758939,0.6237151818192859,21,30,47,38,20,61,random_forest,Security-Relevant + Files/Tests,22,544,136,136,34
0.4338235294117647,0.40588235294117647,0.55,0.5176470588235295,0.5333333333333333,0.37773933102652824,0.5685029792481893,15,36,41,44,20,61,logistic_regression,Security-Relevant + Constraints + Files/Tests,28,544,136,136,34
0.34558823529411764,0.39019607843137255,0.45,0.21176470588235294,0.288,0.39342560553633216,0.5816012900235306,29,22,67,18,20,61,random_forest,Security-Relevant + Constraints + Files/Tests,28,544,136,136,34
0.4632352941176471,0.4450980392156863,0.5789473684210527,0.5176470588235295,0.546583850931677,0.4284890426758939,0.5992200082099384,19,32,41,44,20,61,logistic_regression,All semantic,35,544,136,136,34
0.40441176470588236,0.44509803921568625,0.5454545454545454,0.2823529411764706,0.37209302325581395,0.42664359861591694,0.6140542072825443,31,20,61,24,20,61,random_forest,All semantic,35,544,136,136,34
0.6102941176470589,0.612260620735197,0.5441176470588235,0.6271186440677966,0.5826771653543307,0.6065375302663438,0.5172664421522046,46,31,22,37,21,62,logistic_regression,Security-Relevant Task Semantics,16,544,136,136,34
0.4485294117647059,0.4555359894342945,0.39473684210526316,0.5084745762711864,0.4444444444444444,0.4925159586176535,0.4665501412068781,31,46,29,30,21,62,random_forest,Security-Relevant Task Semantics,16,544,136,136,34
0.5661764705882353,0.5515078142196786,0.5,0.4406779661016949,0.46846846846846846,0.5920096852300241,0.5451186016603369,51,26,33,26,21,62,logistic_regression,Constraints / requirements,6,544,136,136,34
0.5661764705882353,0.5594320933303984,0.5,0.5084745762711864,0.5042016806722689,0.5682368478978649,0.5008416461681666,47,30,29,30,21,62,random_forest,Constraints / requirements,6,544,136,136,34
0.49264705882352944,0.4845916795069337,0.4166666666666667,0.423728813559322,0.42016806722689076,0.5471054369359454,0.4733142494483472,42,35,34,25,21,62,logistic_regression,Files / tests / evidence,6,544,136,136,34
0.5220588235294118,0.5224521241470395,0.45588235294117646,0.5254237288135594,0.4881889763779528,0.6210653753026635,0.5752827619922176,40,37,28,31,21,62,random_forest,Files / tests / evidence,6,544,136,136,34
0.5514705882352942,0.5642747083425049,0.4875,0.6610169491525424,0.5611510791366906,0.5748404138234647,0.5103933604366516,36,41,20,39,21,62,logistic_regression,Task structure / complexity,3,544,136,136,34
0.6397058823529411,0.6421967862645829,0.5735294117647058,0.6610169491525424,0.6141732283464567,0.6646489104116223,0.5912893969205637,48,29,20,39,21,62,random_forest,Task structure / complexity,3,544,136,136,34
0.4338235294117647,0.5,0.4338235294117647,1.0,0.6051282051282051,0.5,0.4338235294117647,0,77,0,59,21,62,logistic_regression,Prompt template / context,4,544,136,136,34
0.5661764705882353,0.5,0.0,0.0,0.0,0.5,0.4338235294117647,77,0,59,0,21,62,random_forest,Prompt template / context,4,544,136,136,34
0.625,0.6311908430552498,0.5555555555555556,0.6779661016949152,0.6106870229007634,0.5823244552058111,0.5214974137291861,45,32,19,40,21,62,logistic_regression,Security-Relevant + Constraints,22,544,136,136,34
0.5808823529411765,0.5862865947611711,0.5138888888888888,0.6271186440677966,0.5648854961832062,0.5867268324895443,0.5078221263979513,42,35,22,37,21,62,random_forest,Security-Relevant + Constraints,22,544,136,136,34
0.6102941176470589,0.6162227602905569,0.5416666666666666,0.6610169491525424,0.5954198473282443,0.5744001760950914,0.47352901967502564,44,33,20,39,21,62,logistic_regression,Security-Relevant + Files/Tests,22,544,136,136,34
0.5220588235294118,0.5224521241470395,0.45588235294117646,0.5254237288135594,0.4881889763779528,0.6104996698217038,0.532508901549755,40,37,28,31,21,62,random_forest,Security-Relevant + Files/Tests,22,544,136,136,34
0.625,0.6351529826106097,0.5526315789473685,0.711864406779661,0.6222222222222222,0.5611930442438916,0.47180628843149225,43,34,17,42,21,62,logistic_regression,Security-Relevant + Constraints + Files/Tests,28,544,136,136,34
0.6691176470588235,0.6681708122386089,0.609375,0.6610169491525424,0.6341463414634146,0.6562843935725292,0.5779536864983114,52,25,20,39,21,62,random_forest,Security-Relevant + Constraints + Files/Tests,28,544,136,136,34
0.5808823529411765,0.6021351529826106,0.5113636363636364,0.7627118644067796,0.6122448979591837,0.5497468633061854,0.45721822201312,34,43,14,45,21,62,logistic_regression,All semantic,35,544,136,136,34
0.6544117647058824,0.6611270085846357,0.5833333333333334,0.711864406779661,0.6412213740458015,0.6853400836451684,0.6130988283530656,47,30,17,42,21,62,random_forest,All semantic,35,544,136,136,34
0.5808823529411765,0.5800346095608911,0.5833333333333334,0.5223880597014925,0.5511811023622047,0.6449275362318839,0.6107081918005747,44,25,32,35,22,63,logistic_regression,Security-Relevant Task Semantics,16,544,136,136,34
0.5661764705882353,0.5648929266709929,0.5714285714285714,0.47761194029850745,0.5203252032520326,0.6596365996106426,0.6281994041594376,45,24,35,32,22,63,random_forest,Security-Relevant Task Semantics,16,544,136,136,34
0.5808823529411765,0.581765087605451,0.5657894736842105,0.6417910447761194,0.6013986013986014,0.5731126973826519,0.6148571385035959,36,33,24,43,22,63,logistic_regression,Constraints / requirements,6,544,136,136,34
0.40441176470588236,0.4035258490157906,0.38333333333333336,0.34328358208955223,0.36220472440944884,0.34209387843391736,0.4574582968261988,32,37,44,23,22,63,random_forest,Constraints / requirements,6,544,136,136,34
0.5955882352941176,0.5938784339173697,0.6153846153846154,0.47761194029850745,0.5378151260504201,0.6111832143629677,0.5892179242633645,49,20,35,32,22,63,logistic_regression,Files / tests / evidence,6,544,136,136,34
0.5367647058823529,0.5385031364914558,0.5238095238095238,0.6567164179104478,0.5827814569536424,0.5471555267142548,0.5745779628550078,29,40,23,44,22,63,random_forest,Files / tests / evidence,6,544,136,136,34
0.6102941176470589,0.6107505948518278,0.5972222222222222,0.6417910447761194,0.6187050359712231,0.6579061215660826,0.6601140167785202,40,29,24,43,22,63,logistic_regression,Task structure / complexity,3,544,136,136,34
0.625,0.6280553752974258,0.5833333333333334,0.835820895522388,0.6871165644171779,0.6207008436080468,0.5931933618857781,29,40,11,56,22,63,random_forest,Task structure / complexity,3,544,136,136,34
0.49264705882352944,0.5,0.49264705882352944,1.0,0.6600985221674877,0.5,0.49264705882352944,0,69,0,67,22,63,logistic_regression,Prompt template / context,4,544,136,136,34
0.5073529411764706,0.5,0.0,0.0,0.0,0.5,0.49264705882352944,69,0,67,0,22,63,random_forest,Prompt template / context,4,544,136,136,34
0.6397058823529411,0.6388708630759248,0.65,0.582089552238806,0.6141732283464567,0.6925156824572788,0.6432139926213675,48,21,28,39,22,63,logistic_regression,Security-Relevant + Constraints,22,544,136,136,34
0.5808823529411765,0.5800346095608911,0.5833333333333334,0.5223880597014925,0.5511811023622047,0.6579061215660826,0.6577953297034201,44,25,32,35,22,63,random_forest,Security-Relevant + Constraints,22,544,136,136,34
0.5073529411764706,0.5051914341336794,0.5,0.3582089552238806,0.41739130434782606,0.6501189703655634,0.6585634070732302,45,24,43,24,22,63,logistic_regression,Security-Relevant + Files/Tests,22,544,136,136,34
0.5808823529411765,0.5808998485831711,0.5735294117647058,0.582089552238806,0.5777777777777777,0.7080899848583171,0.6843052296474543,40,29,28,39,22,63,random_forest,Security-Relevant + Files/Tests,22,544,136,136,34
0.6397058823529411,0.6380056240536448,0.6730769230769231,0.5223880597014925,0.5882352941176471,0.6718581008003461,0.65173725288415,52,17,32,35,22,63,logistic_regression,Security-Relevant + Constraints + Files/Tests,28,544,136,136,34
0.4632352941176471,0.4623621025308241,0.45,0.40298507462686567,0.4251968503937008,0.5687865022712524,0.6393962831687846,36,33,40,27,22,63,random_forest,Security-Relevant + Constraints + Files/Tests,28,544,136,136,34
0.6397058823529411,0.6371403850313649,0.7045454545454546,0.4626865671641791,0.5585585585585585,0.7080899848583171,0.7010704279156069,56,13,36,31,22,63,logistic_regression,All semantic,35,544,136,136,34
0.6102941176470589,0.609020116807268,0.625,0.5223880597014925,0.5691056910569106,0.6310837118754056,0.6537579802171887,48,21,32,35,22,63,random_forest,All semantic,35,544,136,136,34
0.5514705882352942,0.5476706392199351,0.5357142857142857,0.46153846153846156,0.49586776859504134,0.5052004333694475,0.505617142692128,45,26,35,30,23,64,logistic_regression,Security-Relevant Task Semantics,16,544,136,136,34
0.5220588235294118,0.5117009750812568,0.5,0.27692307692307694,0.3564356435643564,0.5936078006500541,0.5813392140621695,53,18,47,18,23,64,random_forest,Security-Relevant Task Semantics,16,544,136,136,34
0.5661764705882353,0.5715059588299025,0.5357142857142857,0.6923076923076923,0.6040268456375839,0.4731310942578549,0.4481069467998939,32,39,20,45,23,64,logistic_regression,Constraints / requirements,6,544,136,136,34
0.5367647058823529,0.5394366197183098,0.5131578947368421,0.6,0.5531914893617021,0.5251354279523294,0.4691748595755987,34,37,26,39,23,64,random_forest,Constraints / requirements,6,544,136,136,34
0.5367647058823529,0.5342361863488624,0.5166666666666667,0.47692307692307695,0.496,0.6035752979414951,0.5921668923783617,42,29,34,31,23,64,logistic_regression,Files / tests / evidence,6,544,136,136,34
0.5808823529411765,0.5784398699891657,0.5666666666666667,0.5230769230769231,0.544,0.681581798483207,0.6849073701265476,45,26,31,34,23,64,random_forest,Files / tests / evidence,6,544,136,136,34
0.5808823529411765,0.5823401950162514,0.5555555555555556,0.6153846153846154,0.583941605839416,0.6282773564463706,0.6131766776252071,39,32,25,40,23,64,logistic_regression,Task structure / complexity,3,544,136,136,34
0.5661764705882353,0.566305525460455,0.5441176470588235,0.5692307692307692,0.556390977443609,0.6321776814734562,0.5889534562808738,40,31,28,37,23,64,random_forest,Task structure / complexity,3,544,136,136,34
0.47794117647058826,0.5,0.47794117647058826,1.0,0.6467661691542289,0.5,0.47794117647058826,0,71,0,65,23,64,logistic_regression,Prompt template / context,4,544,136,136,34
0.47794117647058826,0.5,0.47794117647058826,1.0,0.6467661691542289,0.5,0.47794117647058826,0,71,0,65,23,64,random_forest,Prompt template / context,4,544,136,136,34
0.4632352941176471,0.46316359696641385,0.4411764705882353,0.46153846153846156,0.45112781954887216,0.5021668472372697,0.49558764460730076,33,38,35,30,23,64,logistic_regression,Security-Relevant + Constraints,22,544,136,136,34
0.5661764705882353,0.5585048754062839,0.5681818181818182,0.38461538461538464,0.45871559633027525,0.5862405200433369,0.574846444153432,52,19,40,25,23,64,random_forest,Security-Relevant + Constraints,22,544,136,136,34
0.5661764705882353,0.566305525460455,0.5441176470588235,0.5692307692307692,0.556390977443609,0.5877573131094258,0.5905927634760135,40,31,28,37,23,64,logistic_regression,Security-Relevant + Files/Tests,22,544,136,136,34
0.6397058823529411,0.6295774647887324,0.7222222222222222,0.4,0.5148514851485149,0.7413867822318526,0.736506677885267,61,10,39,26,23,64,random_forest,Security-Relevant + Files/Tests,22,544,136,136,34
0.5367647058823529,0.5355362946912243,0.515625,0.5076923076923077,0.5116279069767442,0.5387865655471289,0.5296398305497094,40,31,32,33,23,64,logistic_regression,Security-Relevant + Constraints + Files/Tests,28,544,136,136,34
0.5514705882352942,0.5476706392199351,0.5357142857142857,0.46153846153846156,0.49586776859504134,0.6417118093174431,0.5973589521357067,45,26,35,30,23,64,random_forest,Security-Relevant + Constraints + Files/Tests,28,544,136,136,34
0.5808823529411765,0.5823401950162514,0.5555555555555556,0.6153846153846154,0.583941605839416,0.5671722643553629,0.5588917246327241,39,32,25,40,23,64,logistic_regression,All semantic,35,544,136,136,34
0.5808823529411765,0.5758396533044421,0.5769230769230769,0.46153846153846156,0.5128205128205128,0.6833152762730228,0.6319195177397569,49,22,35,30,23,64,random_forest,All semantic,35,544,136,136,34
0.5294117647058824,0.5232558139534884,0.390625,0.5,0.43859649122807015,0.5316279069767442,0.39094020563894183,47,39,25,25,24,65,logistic_regression,Security-Relevant Task Semantics,16,544,136,136,34
0.5147058823529411,0.5493023255813954,0.40476190476190477,0.68,0.5074626865671642,0.6013953488372094,0.48887746902220586,36,50,16,34,24,65,random_forest,Security-Relevant Task Semantics,16,544,136,136,34
0.38235294117647056,0.37348837209302327,0.25,0.34,0.288135593220339,0.346046511627907,0.3205702200456188,35,51,33,17,24,65,logistic_regression,Constraints / requirements,6,544,136,136,34
0.4411764705882353,0.4451162790697675,0.3194444444444444,0.46,0.3770491803278688,0.32651162790697674,0.2883115355673018,37,49,27,23,24,65,random_forest,Constraints / requirements,6,544,136,136,34
0.6617647058823529,0.6572093023255814,0.5333333333333333,0.64,0.5818181818181818,0.7316279069767442,0.6079102880744248,58,28,18,32,24,65,logistic_regression,Files / tests / evidence,6,544,136,136,34
0.5735294117647058,0.6041860465116279,0.45,0.72,0.5538461538461539,0.6730232558139534,0.529753031887057,42,44,14,36,24,65,random_forest,Files / tests / evidence,6,544,136,136,34
0.6176470588235294,0.5762790697674418,0.4772727272727273,0.42,0.44680851063829785,0.6474418604651163,0.4657667297209077,63,23,29,21,24,65,logistic_regression,Task structure / complexity,3,544,136,136,34
0.4852941176470588,0.5344186046511628,0.391304347826087,0.72,0.5070422535211268,0.6088372093023255,0.4436747780494585,30,56,14,36,24,65,random_forest,Task structure / complexity,3,544,136,136,34
0.36764705882352944,0.5,0.36764705882352944,1.0,0.5376344086021505,0.5,0.36764705882352944,0,86,0,50,24,65,logistic_regression,Prompt template / context,4,544,136,136,34
0.6323529411764706,0.5,0.0,0.0,0.0,0.5,0.36764705882352944,86,0,50,0,24,65,random_forest,Prompt template / context,4,544,136,136,34
0.45588235294117646,0.42744186046511623,0.2857142857142857,0.32,0.3018867924528302,0.40604651162790695,0.3281902570046586,46,40,34,16,24,65,logistic_regression,Security-Relevant + Constraints,22,544,136,136,34
0.4852941176470588,0.45906976744186045,0.32142857142857145,0.36,0.33962264150943394,0.472093023255814,0.4991117579001587,48,38,32,18,24,65,random_forest,Security-Relevant + Constraints,22,544,136,136,34
0.5,0.4832558139534884,0.35,0.42,0.38181818181818183,0.564186046511628,0.4099096186265388,47,39,29,21,24,65,logistic_regression,Security-Relevant + Files/Tests,22,544,136,136,34
0.5294117647058824,0.5483720930232558,0.40789473684210525,0.62,0.49206349206349204,0.6590697674418604,0.5722729335881509,41,45,19,31,24,65,random_forest,Security-Relevant + Files/Tests,22,544,136,136,34
0.45588235294117646,0.42744186046511623,0.2857142857142857,0.32,0.3018867924528302,0.43023255813953487,0.34215497048679233,46,40,34,16,24,65,logistic_regression,Security-Relevant + Constraints + Files/Tests,28,544,136,136,34
0.45588235294117646,0.46093023255813953,0.3333333333333333,0.48,0.39344262295081966,0.45627906976744187,0.34484872077551354,38,48,26,24,24,65,random_forest,Security-Relevant + Constraints + Files/Tests,28,544,136,136,34
0.4852941176470588,0.45069767441860464,0.3076923076923077,0.32,0.3137254901960784,0.43488372093023253,0.34906540103316747,50,36,34,16,24,65,logistic_regression,All semantic,35,544,136,136,34
0.5,0.5167441860465116,0.3815789473684211,0.58,0.4603174603174603,0.5362790697674419,0.40025757267080964,39,47,21,29,24,65,random_forest,All semantic,35,544,136,136,34
0.4632352941176471,0.4982390490865067,0.4326923076923077,0.7627118644067796,0.5521472392638037,0.5198106977767994,0.5097608453245173,18,59,14,45,25,66,logistic_regression,Security-Relevant Task Semantics,16,544,136,136,34
0.5220588235294118,0.5343385428131191,0.4625,0.6271186440677966,0.5323741007194245,0.5695575610829848,0.5191723483792927,34,43,22,37,25,66,random_forest,Security-Relevant Task Semantics,16,544,136,136,34
0.5808823529411765,0.5823244552058111,0.5147058823529411,0.5932203389830508,0.5511811023622047,0.5176095091349329,0.4829555111561082,44,33,24,35,25,66,logistic_regression,Constraints / requirements,6,544,136,136,34
0.5220588235294118,0.5105657054809597,0.44642857142857145,0.423728813559322,0.43478260869565216,0.45333480079242794,0.40711062467476433,46,31,34,25,25,66,random_forest,Constraints / requirements,6,544,136,136,34
0.5808823529411765,0.5625137574290117,0.5208333333333334,0.423728813559322,0.4672897196261682,0.5744001760950914,0.5530021388091201,54,23,34,25,25,66,logistic_regression,Files / tests / evidence,6,544,136,136,34
0.4632352941176471,0.45069337442218793,0.375,0.3559322033898305,0.3652173913043478,0.474025974025974,0.48815350811288055,42,35,38,21,25,66,random_forest,Files / tests / evidence,6,544,136,136,34
0.625,0.6232665639445301,0.5625,0.6101694915254238,0.5853658536585366,0.6360334580673563,0.5139608890979778,49,28,23,36,25,66,logistic_regression,Task structure / complexity,3,544,136,136,34
0.5514705882352942,0.5642747083425049,0.4875,0.6610169491525424,0.5611510791366906,0.5325775918996258,0.44906060197864,36,41,20,39,25,66,random_forest,Task structure / complexity,3,544,136,136,34
0.4338235294117647,0.5,0.4338235294117647,1.0,0.6051282051282051,0.5,0.4338235294117647,0,77,0,59,25,66,logistic_regression,Prompt template / context,4,544,136,136,34
0.4338235294117647,0.5,0.4338235294117647,1.0,0.6051282051282051,0.5,0.4338235294117647,0,77,0,59,25,66,random_forest,Prompt template / context,4,544,136,136,34
0.47794117647058826,0.4933964340744002,0.42857142857142855,0.6101694915254238,0.5034965034965035,0.5083645168390931,0.5442046685909399,29,48,23,36,25,66,logistic_regression,Security-Relevant + Constraints,22,544,136,136,34
0.47794117647058826,0.4775478758529606,0.4117647058823529,0.4745762711864407,0.4409448818897638,0.48547215496368035,0.454810653533193,37,40,31,28,25,66,random_forest,Security-Relevant + Constraints,22,544,136,136,34
0.5514705882352942,0.5642747083425049,0.4875,0.6610169491525424,0.5611510791366906,0.5858463570327977,0.5627030915503859,36,41,20,39,25,66,logistic_regression,Security-Relevant + Files/Tests,22,544,136,136,34
0.625,0.6153422848338103,0.5714285714285714,0.5423728813559322,0.5565217391304348,0.6351529826106097,0.5655897004576509,53,24,27,32,25,66,random_forest,Security-Relevant + Files/Tests,22,544,136,136,34
0.5661764705882353,0.5673563724411181,0.5,0.576271186440678,0.5354330708661418,0.5682368478978648,0.6315282447064521,43,34,25,34,25,66,logistic_regression,Security-Relevant + Constraints + Files/Tests,28,544,136,136,34
0.5955882352941176,0.5893682588597843,0.5333333333333333,0.5423728813559322,0.5378151260504201,0.6140215716486903,0.5885159786473779,49,28,27,32,25,66,random_forest,Security-Relevant + Constraints + Files/Tests,28,544,136,136,34
0.5073529411764706,0.5233325996037861,0.4523809523809524,0.6440677966101694,0.5314685314685315,0.5506273387629319,0.6196014568050879,31,46,21,38,25,66,logistic_regression,All semantic,35,544,136,136,34
0.5514705882352942,0.5405018710103455,0.48214285714285715,0.4576271186440678,0.46956521739130436,0.6554039181157826,0.5821664119433797,48,29,32,27,25,66,random_forest,All semantic,35,544,136,136,34
0.39705882352941174,0.3862847222222222,0.44565217391304346,0.5694444444444444,0.5,0.3953993055555555,0.522192084270068,13,51,31,41,26,67,logistic_regression,Security-Relevant Task Semantics,16,544,136,136,34
0.4411764705882353,0.44270833333333337,0.46875,0.4166666666666667,0.4411764705882353,0.4735243055555555,0.5823633178226604,30,34,42,30,26,67,random_forest,Security-Relevant Task Semantics,16,544,136,136,34
0.5294117647058824,0.5295138888888888,0.5588235294117647,0.5277777777777778,0.5428571428571428,0.515625,0.5323995339513024,34,30,34,38,26,67,logistic_regression,Constraints / requirements,6,544,136,136,34
0.39705882352941174,0.3897569444444444,0.44047619047619047,0.5138888888888888,0.47435897435897434,0.3407118055555556,0.44634500777455843,17,47,35,37,26,67,random_forest,Constraints / requirements,6,544,136,136,34
0.6176470588235294,0.6163194444444444,0.6388888888888888,0.6388888888888888,0.6388888888888888,0.6319444444444444,0.6477707625771041,38,26,26,46,26,67,logistic_regression,Files / tests / evidence,6,544,136,136,34
0.5588235294117647,0.5590277777777778,0.5882352941176471,0.5555555555555556,0.5714285714285714,0.634548611111111,0.6947004548367591,36,28,32,40,26,67,random_forest,Files / tests / evidence,6,544,136,136,34
0.5735294117647058,0.5685763888888888,0.5875,0.6527777777777778,0.618421052631579,0.6401909722222222,0.6844260797788598,31,33,25,47,26,67,logistic_regression,Task structure / complexity,3,544,136,136,34
0.6176470588235294,0.6128472222222222,0.625,0.6944444444444444,0.6578947368421053,0.6592881944444444,0.6643316455254444,34,30,22,50,26,67,random_forest,Task structure / complexity,3,544,136,136,34
0.5294117647058824,0.5,0.5294117647058824,1.0,0.6923076923076923,0.5,0.5294117647058824,0,64,0,72,26,67,logistic_regression,Prompt template / context,4,544,136,136,34
0.5294117647058824,0.5,0.5294117647058824,1.0,0.6923076923076923,0.5,0.5294117647058824,0,64,0,72,26,67,random_forest,Prompt template / context,4,544,136,136,34
0.4852941176470588,0.4765625,0.5113636363636364,0.625,0.5625,0.4262152777777778,0.521611106718826,21,43,27,45,26,67,logistic_regression,Security-Relevant + Constraints,22,544,136,136,34
0.38235294117647056,0.3715277777777778,0.43478260869565216,0.5555555555555556,0.4878048780487805,0.47395833333333337,0.5993772488584952,12,52,32,40,26,67,random_forest,Security-Relevant + Constraints,22,544,136,136,34
0.4264705882352941,0.4175347222222222,0.4659090909090909,0.5694444444444444,0.5125,0.4036458333333333,0.5172158978953622,17,47,31,41,26,67,logistic_regression,Security-Relevant + Files/Tests,22,544,136,136,34
0.5294117647058824,0.5277777777777778,0.5555555555555556,0.5555555555555556,0.5555555555555556,0.6189236111111112,0.6989007060903463,32,32,32,40,26,67,random_forest,Security-Relevant + Files/Tests,22,544,136,136,34
0.47058823529411764,0.4583333333333333,0.5,0.6666666666666666,0.5714285714285714,0.4288194444444445,0.49304807390276306,16,48,24,48,26,67,logistic_regression,Security-Relevant + Constraints + Files/Tests,28,544,136,136,34
0.5294117647058824,0.5208333333333333,0.5454545454545454,0.6666666666666666,0.6,0.5381944444444444,0.6124860697755043,24,40,24,48,26,67,random_forest,Security-Relevant + Constraints + Files/Tests,28,544,136,136,34
0.5294117647058824,0.5173611111111112,0.5416666666666666,0.7222222222222222,0.6190476190476191,0.4340277777777778,0.49491637628829577,20,44,20,52,26,67,logistic_regression,All semantic,35,544,136,136,34
0.5735294117647058,0.5703125,0.5921052631578947,0.625,0.6081081081081081,0.5989583333333334,0.6595852468381854,33,31,27,45,26,67,random_forest,All semantic,35,544,136,136,34
0.5882352941176471,0.5917748917748917,0.5595238095238095,0.7121212121212122,0.6266666666666667,0.6896103896103896,0.6869480742578741,33,37,19,47,27,68,logistic_regression,Security-Relevant Task Semantics,16,544,136,136,34
0.5588235294117647,0.5606060606060606,0.5394736842105263,0.6212121212121212,0.5774647887323944,0.6731601731601732,0.7091278841653654,35,35,25,41,27,68,random_forest,Security-Relevant Task Semantics,16,544,136,136,34
0.5441176470588235,0.5432900432900433,0.53125,0.5151515151515151,0.5230769230769231,0.5506493506493506,0.5403510252373889,40,30,32,34,27,68,logistic_regression,Constraints / requirements,6,544,136,136,34
0.5441176470588235,0.5372294372294373,0.5555555555555556,0.30303030303030304,0.39215686274509803,0.48225108225108215,0.4774539817807054,54,16,46,20,27,68,random_forest,Constraints / requirements,6,544,136,136,34
0.5588235294117647,0.5562770562770563,0.5535714285714286,0.4696969696969697,0.5081967213114754,0.6610389610389611,0.6529141632702629,45,25,35,31,27,68,logistic_regression,Files / tests / evidence,6,544,136,136,34
0.5588235294117647,0.5597402597402598,0.5416666666666666,0.5909090909090909,0.5652173913043478,0.5735930735930737,0.5494276618070504,37,33,27,39,27,68,random_forest,Files / tests / evidence,6,544,136,136,34
0.5,0.4939393939393939,0.475,0.2878787878787879,0.3584905660377358,0.5787878787878789,0.5383954761516895,49,21,47,19,27,68,logistic_regression,Task structure / complexity,3,544,136,136,34
0.6323529411764706,0.6376623376623377,0.5869565217391305,0.8181818181818182,0.6835443037974683,0.6341991341991342,0.5667366877419773,32,38,12,54,27,68,random_forest,Task structure / complexity,3,544,136,136,34
0.4852941176470588,0.5,0.4852941176470588,1.0,0.6534653465346535,0.5,0.4852941176470588,0,70,0,66,27,68,logistic_regression,Prompt template / context,4,544,136,136,34
0.4852941176470588,0.5,0.4852941176470588,1.0,0.6534653465346535,0.5,0.4852941176470588,0,70,0,66,27,68,random_forest,Prompt template / context,4,544,136,136,34
0.5441176470588235,0.5458874458874459,0.5263157894736842,0.6060606060606061,0.5633802816901409,0.6455627705627707,0.6521334030208052,34,36,26,40,27,68,logistic_regression,Security-Relevant + Constraints,22,544,136,136,34
0.5588235294117647,0.5545454545454546,0.5625,0.4090909090909091,0.47368421052631576,0.6056277056277056,0.6246708652457125,49,21,39,27,27,68,random_forest,Security-Relevant + Constraints,22,544,136,136,34
0.7352941176470589,0.7346320346320346,0.734375,0.7121212121212122,0.7230769230769231,0.7234848484848485,0.6956345595699557,53,17,19,47,27,68,logistic_regression,Security-Relevant + Files/Tests,22,544,136,136,34
0.5294117647058824,0.5294372294372294,0.5147058823529411,0.5303030303030303,0.5223880597014925,0.5666666666666667,0.5520654729998955,37,33,31,35,27,68,random_forest,Security-Relevant + Files/Tests,22,544,136,136,34
0.5882352941176471,0.5874458874458874,0.578125,0.5606060606060606,0.5692307692307692,0.6766233766233766,0.6694118921556377,43,27,29,37,27,68,logistic_regression,Security-Relevant + Constraints + Files/Tests,28,544,136,136,34
0.4411764705882353,0.44025974025974024,0.421875,0.4090909090909091,0.4153846153846154,0.5138528138528138,0.4949956307293538,33,37,39,27,27,68,random_forest,Security-Relevant + Constraints + Files/Tests,28,544,136,136,34
0.6323529411764706,0.6298701298701299,0.6428571428571429,0.5454545454545454,0.5901639344262295,0.673051948051948,0.6652454502197714,50,20,30,36,27,68,logistic_regression,All semantic,35,544,136,136,34
0.6176470588235294,0.6151515151515151,0.625,0.5303030303030303,0.5737704918032787,0.6896103896103896,0.6735249417440601,49,21,31,35,27,68,random_forest,All semantic,35,544,136,136,34
0.5514705882352942,0.5444640105657055,0.48333333333333334,0.4915254237288136,0.48739495798319327,0.5048426150121066,0.4916234271020204,46,31,30,29,28,69,logistic_regression,Security-Relevant Task Semantics,16,544,136,136,34
0.49264705882352944,0.5123266563944531,0.4431818181818182,0.6610169491525424,0.5306122448979592,0.5611930442438917,0.5625252506594259,28,49,20,39,28,69,random_forest,Security-Relevant Task Semantics,16,544,136,136,34
0.4632352941176471,0.45861765353290773,0.390625,0.423728813559322,0.4065040650406504,0.3789346246973366,0.36385669486998795,38,39,34,25,28,69,logistic_regression,Constraints / requirements,6,544,136,136,34
0.40441176470588236,0.42251815980629537,0.375,0.559322033898305,0.4489795918367347,0.43484481620074844,0.4354067977142689,22,55,26,33,28,69,random_forest,Constraints / requirements,6,544,136,136,34
0.5367647058823529,0.5532687651331719,0.47619047619047616,0.6779661016949152,0.5594405594405595,0.6008144397974906,0.5452886654344238,33,44,19,40,28,69,logistic_regression,Files / tests / evidence,6,544,136,136,34
0.5808823529411765,0.5981730134272507,0.5119047619047619,0.7288135593220338,0.6013986013986014,0.6791767554479419,0.5774856464133461,36,41,16,43,28,69,random_forest,Files / tests / evidence,6,544,136,136,34
0.4632352941176471,0.4546555139775479,0.38333333333333336,0.3898305084745763,0.3865546218487395,0.48811358133392035,0.40980822185458277,40,37,36,23,28,69,logistic_regression,Task structure / complexity,3,544,136,136,34
0.4338235294117647,0.46037860444640105,0.40625,0.6610169491525424,0.5032258064516129,0.426040061633282,0.3933553848029373,20,57,20,39,28,69,random_forest,Task structure / complexity,3,544,136,136,34
0.4338235294117647,0.5,0.4338235294117647,1.0,0.6051282051282051,0.5,0.4338235294117647,0,77,0,59,28,69,logistic_regression,Prompt template / context,4,544,136,136,34
0.4338235294117647,0.5,0.4338235294117647,1.0,0.6051282051282051,0.5,0.4338235294117647,0,77,0,59,28,69,random_forest,Prompt template / context,4,544,136,136,34
0.40441176470588236,0.4145938806955756,0.3625,0.4915254237288136,0.4172661870503597,0.4092009685230025,0.3948695041079997,26,51,30,29,28,69,logistic_regression,Security-Relevant + Constraints,22,544,136,136,34
0.5073529411764706,0.4995597622716267,0.43333333333333335,0.4406779661016949,0.4369747899159664,0.5004402377283733,0.49479557399513563,43,34,33,26,28,69,random_forest,Security-Relevant + Constraints,22,544,136,136,34
0.5220588235294118,0.538300682368479,0.4642857142857143,0.6610169491525424,0.5454545454545454,0.550957517059212,0.5714432839324647,32,45,20,39,28,69,logistic_regression,Security-Relevant + Files/Tests,22,544,136,136,34
0.5514705882352942,0.5603125687871451,0.4868421052631579,0.6271186440677966,0.5481481481481482,0.6016949152542372,0.6409977692433254,38,39,22,37,28,69,random_forest,Security-Relevant + Files/Tests,22,544,136,136,34
0.4632352941176471,0.48635263042042703,0.42391304347826086,0.6610169491525424,0.5165562913907285,0.46676205150781425,0.4692144733161668,24,53,20,39,28,69,logistic_regression,Security-Relevant + Constraints + Files/Tests,28,544,136,136,34
0.6102941176470589,0.612260620735197,0.5441176470588235,0.6271186440677966,0.5826771653543307,0.5990534888839973,0.5583753824572805,46,31,22,37,28,69,random_forest,Security-Relevant + Constraints + Files/Tests,28,544,136,136,34
0.49264705882352944,0.5123266563944531,0.4431818181818182,0.6610169491525424,0.5306122448979592,0.46764252696456093,0.4682046186133156,28,49,20,39,28,69,logistic_regression,All semantic,35,544,136,136,34
0.5367647058823529,0.5413823464670922,0.4722222222222222,0.576271186440678,0.5190839694656488,0.575280651551838,0.5629659547205939,39,38,25,34,28,69,random_forest,All semantic,35,544,136,136,34
0.5514705882352942,0.5392156862745098,0.4166666666666667,0.49019607843137253,0.45045045045045046,0.5941176470588235,0.4463833948154883,50,35,26,25,29,70,logistic_regression,Security-Relevant Task Semantics,16,544,136,136,34
0.6397058823529411,0.5705882352941176,0.5357142857142857,0.29411764705882354,0.379746835443038,0.6845444059976932,0.5580653608345645,72,13,36,15,29,70,random_forest,Security-Relevant Task Semantics,16,544,136,136,34
0.4485294117647059,0.4215686274509804,0.2857142857142857,0.3137254901960784,0.29906542056074764,0.42479815455594006,0.3679204841043505,45,40,35,16,29,70,logistic_regression,Constraints / requirements,6,544,136,136,34
0.4485294117647059,0.45294117647058824,0.3333333333333333,0.47058823529411764,0.3902439024390244,0.3892733564013841,0.33092767850947624,37,48,27,24,29,70,random_forest,Constraints / requirements,6,544,136,136,34
0.6397058823529411,0.6176470588235294,0.5192307692307693,0.5294117647058824,0.5242718446601942,0.7394463667820069,0.5463485193283956,60,25,24,27,29,70,logistic_regression,Files / tests / evidence,6,544,136,136,34
0.5661764705882353,0.5784313725490196,0.4444444444444444,0.6274509803921569,0.5203252032520326,0.5918108419838524,0.4421656466143853,45,40,19,32,29,70,random_forest,Files / tests / evidence,6,544,136,136,34
0.41911764705882354,0.4607843137254902,0.34782608695652173,0.6274509803921569,0.44755244755244755,0.5470588235294118,0.4359695440271421,25,60,19,32,29,70,logistic_regression,Task structure / complexity,3,544,136,136,34
0.6102941176470589,0.6019607843137255,0.48333333333333334,0.5686274509803921,0.5225225225225225,0.7131487889273356,0.5149594667221138,54,31,22,29,29,70,random_forest,Task structure / complexity,3,544,136,136,34
0.375,0.5,0.375,1.0,0.5454545454545454,0.5,0.375,0,85,0,51,29,70,logistic_regression,Prompt template / context,4,544,136,136,34
0.375,0.5,0.375,1.0,0.5454545454545454,0.5,0.375,0,85,0,51,29,70,random_forest,Prompt template / context,4,544,136,136,34
0.47794117647058826,0.4215686274509804,0.25,0.19607843137254902,0.21978021978021978,0.46170703575547867,0.3676681388964315,55,30,41,10,29,70,logistic_regression,Security-Relevant + Constraints,22,544,136,136,34
0.49264705882352944,0.44509803921568625,0.29545454545454547,0.2549019607843137,0.2736842105263158,0.48200692041522486,0.3955373818323399,54,31,38,13,29,70,random_forest,Security-Relevant + Constraints,22,544,136,136,34
0.6102941176470589,0.6019607843137255,0.48333333333333334,0.5686274509803921,0.5225225225225225,0.5973471741637832,0.4447692776120143,54,31,22,29,29,70,logistic_regression,Security-Relevant + Files/Tests,22,544,136,136,34
0.6691176470588235,0.6411764705882352,0.5625,0.5294117647058824,0.5454545454545454,0.7708189158016147,0.6858063643395242,64,21,24,27,29,70,random_forest,Security-Relevant + Files/Tests,22,544,136,136,34
0.47794117647058826,0.44509803921568625,0.3076923076923077,0.3137254901960784,0.3106796116504854,0.5019607843137255,0.38687988578822785,49,36,35,16,29,70,logistic_regression,Security-Relevant + Constraints + Files/Tests,28,544,136,136,34
0.5661764705882353,0.5313725490196078,0.4166666666666667,0.39215686274509803,0.40404040404040403,0.5881199538638985,0.5027667402080671,57,28,31,20,29,70,random_forest,Security-Relevant + Constraints + Files/Tests,28,544,136,136,34
0.4632352941176471,0.4450980392156863,0.31666666666666665,0.37254901960784315,0.34234234234234234,0.5209919261822376,0.43543942755466675,44,41,32,19,29,70,logistic_regression,All semantic,35,544,136,136,34
0.6397058823529411,0.6176470588235294,0.5192307692307693,0.5294117647058824,0.5242718446601942,0.7145328719723183,0.5788823008978718,60,25,24,27,29,70,random_forest,All semantic,35,544,136,136,34
0.38235294117647056,0.40535714285714286,0.4583333333333333,0.275,0.34375,0.4830357142857143,0.5712701183221528,30,26,58,22,30,71,logistic_regression,Security-Relevant Task Semantics,16,544,136,136,34
0.4264705882352941,0.4616071428571429,0.525,0.2625,0.35,0.5223214285714286,0.6414090575186543,37,19,59,21,30,71,random_forest,Security-Relevant Task Semantics,16,544,136,136,34
0.7058823529411765,0.7125,0.7941176470588235,0.675,0.7297297297297297,0.6678571428571428,0.6983072015935499,42,14,26,54,30,71,logistic_regression,Constraints / requirements,6,544,136,136,34
0.45588235294117646,0.44375,0.5394736842105263,0.5125,0.5256410256410257,0.39464285714285713,0.5420531525732795,21,35,39,41,30,71,random_forest,Constraints / requirements,6,544,136,136,34
0.45588235294117646,0.45446428571428577,0.5441176470588235,0.4625,0.5,0.4419642857142857,0.5505124409293524,25,31,43,37,30,71,logistic_regression,Files / tests / evidence,6,544,136,136,34
0.4264705882352941,0.4348214285714286,0.5166666666666667,0.3875,0.44285714285714284,0.42500000000000004,0.5296926826349703,27,29,49,31,30,71,random_forest,Files / tests / evidence,6,544,136,136,34
0.45588235294117646,0.5080357142857143,0.6071428571428571,0.2125,0.3148148148148148,0.5651785714285713,0.6246487298753429,45,11,63,17,30,71,logistic_regression,Task structure / complexity,3,544,136,136,34
0.5441176470588235,0.5455357142857142,0.6323529411764706,0.5375,0.581081081081081,0.5428571428571428,0.6011290254588678,31,25,37,43,30,71,random_forest,Task structure / complexity,3,544,136,136,34
0.5882352941176471,0.5,0.5882352941176471,1.0,0.7407407407407407,0.5,0.5882352941176471,0,56,0,80,30,71,logistic_regression,Prompt template / context,4,544,136,136,34
0.5882352941176471,0.5,0.5882352941176471,1.0,0.7407407407407407,0.5,0.5882352941176471,0,56,0,80,30,71,random_forest,Prompt template / context,4,544,136,136,34
0.3382352941176471,0.35446428571428573,0.40384615384615385,0.2625,0.3181818181818182,0.4588169642857143,0.5655346237510454,25,31,59,21,30,71,logistic_regression,Security-Relevant + Constraints,22,544,136,136,34
0.6029411764705882,0.6330357142857144,0.7708333333333334,0.4625,0.578125,0.6151785714285714,0.7542652594407417,45,11,43,37,30,71,random_forest,Security-Relevant + Constraints,22,544,136,136,34
0.4411764705882353,0.4714285714285714,0.5454545454545454,0.3,0.3870967741935484,0.4708705357142857,0.5708723155123073,36,20,56,24,30,71,logistic_regression,Security-Relevant + Files/Tests,22,544,136,136,34
0.4852941176470588,0.48482142857142857,0.5735294117647058,0.4875,0.527027027027027,0.5910714285714285,0.6875663811906385,27,29,41,39,30,71,random_forest,Security-Relevant + Files/Tests,22,544,136,136,34
0.4411764705882353,0.45535714285714285,0.5357142857142857,0.375,0.4411764705882353,0.4525669642857143,0.5518185193975931,30,26,50,30,30,71,logistic_regression,Security-Relevant + Constraints + Files/Tests,28,544,136,136,34
0.4852941176470588,0.46875,0.5625,0.5625,0.5625,0.5758928571428572,0.6908795465165025,21,35,35,45,30,71,random_forest,Security-Relevant + Constraints + Files/Tests,28,544,136,136,34
0.4264705882352941,0.4455357142857143,0.5192307692307693,0.3375,0.4090909090909091,0.4669642857142857,0.5575452044194142,31,25,53,27,30,71,logistic_regression,All semantic,35,544,136,136,34
0.6029411764705882,0.56875,0.6354166666666666,0.7625,0.6931818181818182,0.5723214285714286,0.6513231347736064,21,35,19,61,30,71,random_forest,All semantic,35,544,136,136,34
